repository,file,class,type,cbo,cboModified,fanin,fanout,wmc,dit,noc,rfc,lcom,lcom*,tcc,lcc,totalMethodsQty,staticMethodsQty,publicMethodsQty,privateMethodsQty,protectedMethodsQty,defaultMethodsQty,visibleMethodsQty,abstractMethodsQty,finalMethodsQty,synchronizedMethodsQty,totalFieldsQty,staticFieldsQty,publicFieldsQty,privateFieldsQty,protectedFieldsQty,defaultFieldsQty,finalFieldsQty,synchronizedFieldsQty,nosi,loc,returnQty,loopQty,comparisonsQty,tryCatchQty,parenthesizedExpsQty,stringLiteralsQty,numbersQty,assignmentsQty,mathOperationsQty,variablesQty,maxNestedBlocksQty,anonymousClassesQty,innerClassesQty,lambdasQty,uniqueWordsQty,modifiers,logStatementsQty,name,full_name,stars,language,created_at,updated_at,open_issues,html_url
APIJSON,0.0,0.0,0.0,412,665,253,412,4893,87,0,2028,81590,30.54150214,-16.0,-16.0,1551,357,1020,14,46,471,1547,3,0,0,553,268,246,154,64,89,195,0,1327,13844,1384,144,1397,82,422,3935,935,2727,1029,1962,82,3,5,6,3989,9320,0,APIJSON,Tencent/APIJSON,18178,Java,2016-11-21T12:03:29Z,2025-09-10T19:06:59Z,234,https://github.com/Tencent/APIJSON
ARouter,0.0,0.0,0.0,362,566,204,362,751,138,6,859,1710,18.24929079,-4.0,-4.0,372,68,261,36,23,52,337,1,0,22,218,111,67,96,1,54,85,0,192,3165,206,28,87,30,62,569,110,483,159,425,79,20,1,0,3200,2176,61,ARouter,alibaba/ARouter,14493,Java,2016-12-14T01:27:49Z,2025-09-10T18:12:34Z,136,https://github.com/alibaba/ARouter
AVLoadingIndicatorView,0.0,0.0,0.0,328,424,96,328,276,164,29,617,621,15.24386489,0.0,0.0,185,0,160,10,11,4,175,2,0,2,83,17,15,41,1,26,19,0,11,2161,51,40,32,1,39,36,692,436,332,362,33,55,2,0,1857,1044,0,AVLoadingIndicatorView,HarlonWang/AVLoadingIndicatorView,9772,Java,2015-10-24T20:18:33Z,2025-09-08T07:01:19Z,75,https://github.com/HarlonWang/AVLoadingIndicatorView
Aegis,0.0,0.0,0.0,3381,4760,1379,3381,4459,776,63,5977,10381,125.67682864,-10.0,-10.0,2254,270,1606,413,141,94,1852,11,4,3,882,180,96,761,12,13,390,0,1044,24021,1368,241,715,313,232,1290,3720,3632,360,3567,468,34,162,344,15391,18556,0,Aegis,beemdevelopment/Aegis,11097,Java,2016-08-15T19:10:31Z,2025-09-10T16:22:39Z,87,https://github.com/beemdevelopment/Aegis
AgentWeb,0.0,0.0,0.0,1382,1897,515,1382,2429,381,41,2328,4811,54.190066821,-9.0,-9.0,1150,161,729,157,120,144,996,18,18,3,518,132,82,403,16,17,127,0,419,11320,797,41,532,89,85,802,405,1556,242,1093,211,91,35,3,6624,7600,4,AgentWeb,Justson/AgentWeb,9352,Java,2017-05-12T07:45:56Z,2025-09-09T10:24:37Z,88,https://github.com/Justson/AgentWeb
Algorithms,0.0,0.0,0.0,1209,1685,476,1209,7150,488,9,3902,7499,152.52096382,-11.0,-11.0,2871,819,2017,683,32,139,2199,11,2,0,979,229,69,552,39,319,268,0,3419,32495,1861,1620,1550,4,741,1388,15099,9073,3215,6708,881,13,127,149,16370,10624,0,Algorithms,williamfiset/Algorithms,18206,Java,2017-03-18T02:50:46Z,2025-09-10T11:04:57Z,116,https://github.com/williamfiset/Algorithms
AndResGuard,0.0,0.0,0.0,233,356,123,233,1283,99,8,1048,1477,28.24981776,-5.0,-5.0,488,76,303,150,27,8,338,6,22,0,330,92,98,198,12,22,163,0,293,6506,311,126,281,64,173,747,633,1378,312,1053,92,2,18,0,3534,2240,0,AndResGuard,shwenzhang/AndResGuard,8623,Java,2015-10-11T11:48:06Z,2025-09-10T13:09:26Z,166,https://github.com/shwenzhang/AndResGuard
Android-CleanArchitecture,0.0,0.0,0.0,540,778,238,540,462,150,7,577,706,25.94766546,-5.0,-5.0,388,8,231,54,18,85,334,1,0,2,177,29,6,148,0,23,68,0,22,2260,102,4,43,7,14,75,45,267,12,301,35,9,16,4,2988,4323,0,Android-CleanArchitecture,android10/Android-CleanArchitecture,15567,Java,2014-08-19T14:09:26Z,2025-09-10T08:00:40Z,143,https://github.com/android10/Android-CleanArchitecture
Android-Debug-Database,0.0,0.0,0.0,253,333,80,253,514,78,0,530,537,13.78935391,-12.0,-12.0,247,34,183,43,2,19,204,2,0,0,141,95,83,58,0,0,105,0,83,2393,166,49,67,31,11,391,157,607,78,473,46,3,4,0,2010,2185,0,Android-Debug-Database,amitshekhariitbhu/Android-Debug-Database,8561,Java,2016-11-16T14:20:24Z,2025-09-10T23:35:19Z,80,https://github.com/amitshekhariitbhu/Android-Debug-Database
Android-ObservableScrollView,0.0,0.0,0.0,1680,2428,748,1680,2240,659,79,2714,2536,62.48270215,-5.0,-5.0,1164,27,751,191,189,33,973,10,4,0,549,82,25,476,12,36,99,0,222,12621,434,68,452,14,193,238,1130,2001,546,1589,236,145,42,0,10450,9529,0,Android-ObservableScrollView,ksoichiro/Android-ObservableScrollView,9653,Java,2014-11-08T14:45:20Z,2025-09-10T21:05:43Z,179,https://github.com/ksoichiro/Android-ObservableScrollView
Android-PickerView,0.0,0.0,0.0,339,503,164,339,906,105,2,652,1410,12.03330103,-2.0,-2.0,393,26,317,55,11,10,338,0,28,0,230,40,58,166,4,2,41,0,132,4421,186,23,222,9,130,235,1654,861,370,516,59,48,3,0,2234,67,0,Android-PickerView,Bigkoo/Android-PickerView,13481,Java,2014-12-28T01:46:38Z,2025-09-10T14:39:30Z,437,https://github.com/Bigkoo/Android-PickerView
Android-PullToRefresh,0.0,0.0,0.0,494,617,123,494,814,173,3,652,4579,15.59374964,-1.0,-1.0,413,17,255,28,115,15,385,12,76,0,140,38,5,94,4,37,56,0,75,3567,154,11,139,10,33,187,184,420,76,291,55,12,34,0,3410,4545,0,Android-PullToRefresh,chrisbanes/Android-PullToRefresh,8690,Java,2011-11-29T09:59:56Z,2025-09-07T08:17:10Z,29,https://github.com/chrisbanes/Android-PullToRefresh
Android-SpinKit,0.0,0.0,0.0,342,502,160,342,365,225,39,418,1528,6.8605889,-1.0,-1.0,263,26,228,11,16,8,252,8,3,0,65,15,11,44,1,9,17,0,38,1812,129,27,30,0,44,38,399,278,158,215,38,16,13,0,1486,6185,0,Android-SpinKit,ybq/Android-SpinKit,8665,Java,2016-03-20T08:40:51Z,2025-09-08T15:23:38Z,67,https://github.com/ybq/Android-SpinKit
Android-Universal-Image-Loader,0.0,0.0,0.0,681,1008,327,681,1536,222,23,1074,4038,44.88988712,-10.0,-10.0,815,68,543,94,49,129,723,7,4,15,428,128,32,282,52,62,306,0,276,7434,496,61,301,77,75,338,407,1320,171,923,135,17,35,0,9222,7792,0,Android-Universal-Image-Loader,nostra13/Android-Universal-Image-Loader,16917,Java,2011-11-27T18:48:23Z,2025-09-10T14:34:52Z,459,https://github.com/nostra13/Android-Universal-Image-Loader
AndroidAutoSize,0.0,0.0,0.0,265,377,112,265,433,69,0,377,1533,6.388328,-2.0,-2.0,257,65,214,24,10,9,234,0,0,4,67,19,4,63,0,0,16,0,255,1720,150,2,50,9,28,119,148,270,70,147,31,6,0,0,1856,101,0,AndroidAutoSize,JessYanCoding/AndroidAutoSize,13693,Java,2018-08-17T09:04:19Z,2025-09-10T21:00:57Z,123,https://github.com/JessYanCoding/AndroidAutoSize
AndroidNote,0.0,0.0,0.0,39,42,3,39,62,11,0,79,65,2.25948046,-1.0,-1.0,35,0,22,8,5,0,27,0,0,0,38,4,0,38,0,0,4,0,3,402,5,2,5,0,5,9,99,81,30,56,10,4,1,0,244,8,0,AndroidNote,GcsSloop/AndroidNote,9292,Java,2016-01-04T23:51:36Z,2025-09-10T17:39:38Z,52,https://github.com/GcsSloop/AndroidNote
AndroidSlidingUpPanel,0.0,0.0,0.0,84,94,10,84,550,23,0,301,2244,3.23627244,-1.0,-1.0,160,5,113,26,14,7,134,1,0,0,89,31,14,75,0,0,38,0,55,2011,138,14,171,1,58,49,250,470,169,335,16,7,6,0,1537,1052,0,AndroidSlidingUpPanel,umano/AndroidSlidingUpPanel,9501,Java,2013-05-31T18:33:53Z,2025-09-10T14:48:46Z,298,https://github.com/umano/AndroidSlidingUpPanel
AndroidSwipeLayout,0.0,0.0,0.0,275,355,80,275,722,98,5,506,4359,8.88863488,-5.0,-5.0,317,0,256,16,18,27,302,5,1,0,71,6,3,51,5,12,7,0,11,2770,168,20,214,2,64,105,108,398,149,253,27,37,15,0,1486,5124,0,AndroidSwipeLayout,daimajia/AndroidSwipeLayout,12410,Java,2014-08-25T04:09:33Z,2025-09-10T05:43:35Z,383,https://github.com/daimajia/AndroidSwipeLayout
AndroidUtilCode,0.0,0.0,0.0,5586,7478,1892,5586,18492,1828,122,13292,194238,305.74385105,-82.0,-82.0,9872,5116,7996,1138,98,640,8752,74,146,0,2478,1044,322,1856,48,252,1120,0,10432,79990,8292,914,3764,566,742,7654,8288,9802,2772,7710,1076,476,318,0,41896,71198,0,AndroidUtilCode,Blankj/AndroidUtilCode,33643,Java,2016-07-30T18:18:32Z,2025-09-10T19:00:18Z,325,https://github.com/Blankj/AndroidUtilCode
AndroidViewAnimations,0.0,0.0,0.0,277,421,144,277,152,148,63,396,188,4.02189395,0.0,0.0,137,2,120,6,11,0,132,1,0,0,37,5,3,34,0,0,5,0,7,965,39,2,6,1,6,173,437,105,52,90,10,9,4,0,1029,1145,0,AndroidViewAnimations,daimajia/AndroidViewAnimations,12472,Java,2014-06-23T03:53:13Z,2025-08-31T13:02:36Z,65,https://github.com/daimajia/AndroidViewAnimations
Android_Data,0.0,0.0,0.0,4,4,0,4,42,2,0,14,6,0.0,0.0,0.0,17,17,17,0,0,0,17,0,0,0,1,1,1,0,0,0,1,0,0,116,8,1,10,0,2,0,1,10,0,10,5,0,0,0,57,2,0,Android_Data,Freelander/Android_Data,8845,Java,2015-04-04T01:37:44Z,2025-09-10T23:34:50Z,8,https://github.com/Freelander/Android_Data
Arduino,0.0,0.0,0.0,1859,3239,1380,1859,5497,796,43,6702,14725,106.345994877,-6.0,-6.0,2349,334,1877,300,115,57,2065,20,9,31,1047,248,122,738,46,141,461,0,3294,25793,1650,410,971,305,286,3855,1850,4479,771,3707,536,131,42,234,17970,14667,1,Arduino,arduino/Arduino,14420,Java,2010-09-17T19:10:36Z,2025-09-10T15:32:24Z,745,https://github.com/arduino/Arduino
BigData-Notes,0.0,0.0,0.0,440,492,52,440,380,94,0,741,63,12.94166684,-3.0,-3.0,218,63,192,11,3,12,210,0,0,0,101,50,1,99,0,1,49,0,81,2124,68,40,29,49,14,557,160,439,65,444,89,9,0,14,1897,59,0,BigData-Notes,heibaiying/BigData-Notes,16642,Java,2019-03-10T01:40:01Z,2025-09-10T16:32:31Z,37,https://github.com/heibaiying/BigData-Notes
COLA,0.0,0.0,0.0,2420,3835,1415,2420,2012,742,104,2109,2781,102.34195967,-103.0,-103.0,1557,184,1298,83,15,161,1477,27,1,0,794,139,102,639,23,30,128,0,374,9619,832,74,178,33,23,1035,580,1501,310,1706,176,9,21,105,10136,29382,117,COLA,alibaba/COLA,12644,Java,2018-02-06T13:46:27Z,2025-09-10T12:46:38Z,95,https://github.com/alibaba/COLA
CalendarView,0.0,0.0,0.0,1156,1695,539,1156,2721,380,57,2750,9360,55.16356872,-2.0,-2.0,1207,121,540,124,277,266,1084,37,127,0,551,74,0,327,62,162,63,0,739,11557,710,87,645,12,177,750,4974,2063,1618,1577,162,56,26,0,5858,17796,0,CalendarView,huanghaibin-dev/CalendarView,9310,Java,2017-03-11T07:16:09Z,2025-09-10T01:50:06Z,458,https://github.com/huanghaibin-dev/CalendarView
Calligraphy,0.0,0.0,0.0,143,180,37,143,236,36,0,203,284,7.33622305,0.0,0.0,114,36,66,11,14,23,104,0,0,0,46,12,2,42,2,0,28,0,59,968,102,3,54,16,14,30,49,133,4,97,20,5,4,0,1394,78,0,Calligraphy,chrisjenx/Calligraphy,8571,Java,2013-12-20T02:35:45Z,2025-09-09T07:21:17Z,94,https://github.com/chrisjenx/Calligraphy
Chat2DB,0.0,0.0,0.0,12720,16806,4086,12720,15274,2646,210,20194,34464,394.197415152,-790.0,-790.0,7188,990,5192,1136,66,794,6118,348,24,8,6250,1134,424,5688,32,106,1016,0,4164,70360,6582,1098,2036,702,264,19612,3266,11844,1896,15174,1526,36,66,780,75480,103666,770,Chat2DB,CodePhiliaX/Chat2DB,24221,Java,2023-06-20T14:05:26Z,2025-09-10T18:27:25Z,501,https://github.com/CodePhiliaX/Chat2DB
CircleImageView,0.0,0.0,0.0,33,34,1,33,75,7,0,73,536,0.9247102,0.0,0.0,39,0,29,7,3,0,32,0,0,0,28,8,0,28,0,0,14,0,7,360,26,0,15,1,9,5,30,62,36,44,3,0,1,0,156,4,0,CircleImageView,hdodenhof/CircleImageView,14536,Java,2014-01-17T16:44:46Z,2025-09-10T01:49:50Z,7,https://github.com/hdodenhof/CircleImageView
CoreNLP,0.0,0.0,0.0,25497,34272,8775,25497,103432,7103,542,65135,639631,1467.82044375,-203.0,-203.0,34564,6724,26629,4212,1362,2361,30707,242,726,78,16616,6620,4571,9046,933,2066,8411,0,29812,557599,32048,12265,19833,1572,12985,259316,57307,96629,22419,65558,6480,670,1520,835,294619,134843,3021,CoreNLP,stanfordnlp/CoreNLP,9969,Java,2013-06-27T21:13:49Z,2025-09-10T21:28:07Z,182,https://github.com/stanfordnlp/CoreNLP
CtCI-6th-Edition,0.0,0.0,0.0,1296,2284,988,1296,5496,651,17,3442,2730,77.562510756,-19.0,-19.0,2126,1255,2036,87,1,2,2039,6,0,3,508,62,171,292,20,25,14,0,1850,21093,1972,1070,1277,42,283,4730,5370,5387,2045,4290,917,0,25,15,11270,7894,0,CtCI-6th-Edition,careercup/CtCI-6th-Edition,11459,Java,2015-07-02T06:28:46Z,2025-09-03T14:40:39Z,143,https://github.com/careercup/CtCI-6th-Edition
DSA-Bootcamp-Java,0.0,0.0,0.0,642,1108,410,698,3244,548,28,1526,1772,53.52574896,-4.0,-4.0,1446,674,854,124,6,462,1324,8,0,0,270,28,0,96,10,164,16,0,616,13228,1082,510,800,16,186,556,3012,2944,1462,2060,486,0,26,10,5724,4594,0,DSA-Bootcamp-Java,kunal-kushwaha/DSA-Bootcamp-Java,20607,Java,2021-07-30T12:23:25Z,2025-09-10T21:24:30Z,608,https://github.com/kunal-kushwaha/DSA-Bootcamp-Java
DanmakuFlameMaster,0.0,0.0,0.0,888,1382,494,888,2681,277,19,1637,8171,53.54872677,-8.0,-8.0,1202,65,959,119,43,81,1085,29,12,35,655,137,243,306,47,59,161,0,219,12879,735,49,719,45,121,171,903,1980,358,1226,218,38,56,0,6145,13604,0,DanmakuFlameMaster,bilibili/DanmakuFlameMaster,9603,Java,2013-08-11T12:18:50Z,2025-09-10T18:59:52Z,262,https://github.com/bilibili/DanmakuFlameMaster
DataX,0.0,0.0,0.0,5502,7999,2497,5502,15486,2096,121,15353,27677,346.565928704,-264.0,-264.0,5806,1216,4666,884,70,186,4944,74,12,53,4881,2410,1680,2802,116,283,2477,0,5038,81194,4164,1293,2419,950,514,10208,3721,14882,1956,12366,1406,101,252,142,44131,47069,1474,DataX,alibaba/DataX,16800,Java,2018-01-18T10:09:47Z,2025-09-10T13:12:43Z,1336,https://github.com/alibaba/DataX
DoKit,0.0,0.0,0.0,14140,18572,4420,14152,34934,4144,78,28112,225204,795.822938462,-188.0,-188.0,17702,6198,13162,2222,670,1648,15496,100,256,28,7254,2174,1194,5096,90,874,2770,0,10580,160960,13436,1536,7440,1072,1670,9762,11598,23648,6256,18432,2806,978,718,14,99258,82374,2,DoKit,didi/DoKit,20393,Java,2018-08-14T10:32:07Z,2025-09-10T05:40:31Z,269,https://github.com/didi/DoKit
EhViewer,0.0,0.0,0.0,4294,5652,1358,4294,8809,1095,87,8114,27203,172.665931885,-25.0,-25.0,3542,535,2547,572,313,110,2982,30,8,56,2415,1027,649,1723,0,43,1349,0,1803,44372,2196,359,2489,218,349,2741,3395,8027,1150,6065,729,120,194,43,23460,26365,0,EhViewer,seven332/EhViewer,9320,Java,2014-05-14T12:03:52Z,2025-09-10T16:53:50Z,199,https://github.com/seven332/EhViewer
Ehviewer_CN_SXJ,0.0,0.0,0.0,12516,16920,4404,12516,31308,3124,286,25230,124528,632.71419886,-72.0,-72.0,13252,2062,9560,1944,1018,730,11350,210,102,276,8414,3404,2344,5790,64,216,4776,0,6566,149292,8430,1384,8068,818,1504,8954,14282,29684,6312,21490,2258,232,568,276,79108,87816,0,Ehviewer_CN_SXJ,xiaojieonly/Ehviewer_CN_SXJ,19612,Java,2020-11-09T06:14:31Z,2025-09-10T23:07:06Z,304,https://github.com/xiaojieonly/Ehviewer_CN_SXJ
EventBus,0.0,0.0,0.0,1254,1932,678,1254,1862,672,126,1560,3314,57.74484354,-42.0,-42.0,1150,36,922,100,40,88,1052,8,0,16,484,54,42,236,54,152,254,0,238,10538,320,132,216,84,52,678,726,1354,262,1134,216,26,148,2,8232,17422,0,EventBus,greenrobot/EventBus,24768,Java,2012-07-16T16:55:40Z,2025-09-10T16:52:00Z,145,https://github.com/greenrobot/EventBus
ExoPlayer,0.0,0.0,0.0,49792,63876,14084,49792,101212,8498,522,79906,342668,1936.712193042,-152.0,-152.0,47370,5494,33450,8034,2556,3330,39406,182,1092,508,30670,11068,8098,21554,140,878,20820,0,26820,524696,29500,5092,22224,1944,6228,34104,105972,108960,17852,89864,5636,1356,2122,2732,467084,202354,0,ExoPlayer,google/ExoPlayer,21877,Java,2014-06-13T21:19:18Z,2025-09-10T21:00:48Z,637,https://github.com/google/ExoPlayer
FileDownloader,0.0,0.0,0.0,1218,1897,679,1218,3167,454,43,2436,11302,67.78916635,-20.0,-20.0,1712,151,1112,137,108,355,1576,18,1,15,654,138,66,534,4,50,301,0,836,14387,1030,97,531,75,47,1740,520,1637,229,1244,225,51,101,0,12675,12115,2,FileDownloader,lingochamp/FileDownloader,11113,Java,2015-12-22T11:17:16Z,2025-09-10T19:00:13Z,185,https://github.com/lingochamp/FileDownloader
FizzBuzzEnterpriseEdition,0.0,0.0,0.0,528,856,328,528,340,182,0,200,42,7.8233334,-14.0,-14.0,292,14,266,20,0,6,272,0,0,0,218,110,36,112,0,70,204,0,40,1788,118,4,8,4,8,58,48,330,6,324,34,0,4,0,2158,698,0,FizzBuzzEnterpriseEdition,EnterpriseQualityCoding/FizzBuzzEnterpriseEdition,22775,Java,2012-11-24T00:14:41Z,2025-09-10T13:25:53Z,534,https://github.com/EnterpriseQualityCoding/FizzBuzzEnterpriseEdition
FlycoTabLayout,0.0,0.0,0.0,213,266,53,213,582,51,0,439,7362,7.84142458,-2.0,-2.0,326,5,274,23,24,5,303,0,0,0,217,15,7,209,0,1,18,0,38,2730,142,19,118,0,54,85,373,644,207,425,25,9,8,0,1095,13,0,FlycoTabLayout,H07000223/FlycoTabLayout,11126,Java,2015-11-09T01:53:19Z,2025-09-10T11:33:10Z,371,https://github.com/H07000223/FlycoTabLayout
Fragmentation,0.0,0.0,0.0,1486,2057,571,1486,1828,485,61,2061,4293,62.80662475,-6.0,-6.0,1203,73,951,133,38,81,1070,22,5,0,481,109,68,352,10,51,114,0,167,8981,477,36,321,13,80,143,391,1235,96,1002,157,132,27,0,7372,4215,0,Fragmentation,YoKeyword/Fragmentation,9726,Java,2016-02-23T08:54:55Z,2025-09-10T21:00:52Z,191,https://github.com/YoKeyword/Fragmentation
GSYVideoPlayer,0.0,0.0,0.0,6978,10260,3282,6978,14382,2004,136,13268,70412,292.14653104,-26.0,-26.0,7570,526,5486,630,946,508,6944,108,14,58,2942,548,240,1626,702,374,612,0,2052,63856,3092,218,3154,296,1004,3874,5178,9094,2474,5994,1140,618,94,4,42190,31410,18,GSYVideoPlayer,CarGuo/GSYVideoPlayer,21077,Java,2016-11-13T12:34:31Z,2025-09-10T21:00:54Z,16,https://github.com/CarGuo/GSYVideoPlayer
GitHub-Chinese-Top-Charts,0.0,0.0,0.0,0,0,0,0,3,3,0,3,0,0.0,0.0,0.0,3,3,3,0,0,0,3,0,0,0,0,0,0,0,0,0,0,0,0,15,0,0,0,0,0,0,0,0,0,0,0,0,0,0,9,3,0,GitHub-Chinese-Top-Charts,GrowingGit/GitHub-Chinese-Top-Charts,102048,Java,2019-09-05T03:01:56Z,2025-09-10T18:42:12Z,188,https://github.com/GrowingGit/GitHub-Chinese-Top-Charts
GmsCore,0.0,0.0,0.0,10374,13286,2911,10375,11420,3094,228,7886,25736,501.751639093,-350.0,-350.0,7382,595,6080,475,124,703,6911,127,95,86,6476,2587,3610,2488,38,340,3109,0,1726,54634,4716,332,1671,459,380,5018,8820,8338,1056,8489,884,229,306,173,71143,61806,0,GmsCore,microg/GmsCore,10860,Java,2014-04-23T19:28:47Z,2025-09-10T19:06:35Z,1139,https://github.com/microg/GmsCore
HikariCP,0.0,0.0,0.0,1622,2556,934,1622,4718,476,26,4644,63888,78.70946136,-34.0,-34.0,2806,146,2262,208,32,304,2610,8,56,18,788,246,42,630,26,90,442,0,1498,22928,1352,198,578,710,158,3142,2316,3490,338,3038,428,46,100,74,17104,22038,218,HikariCP,brettwooldridge/HikariCP,20702,Java,2013-10-08T05:43:03Z,2025-09-10T13:11:38Z,505,https://github.com/brettwooldridge/HikariCP
Hystrix,0.0,0.0,0.0,13396,20240,6844,13396,16840,6296,272,19686,81218,443.962887162,-196.0,-196.0,11640,884,8902,914,1122,702,10752,154,28,22,3180,864,164,2406,132,478,2258,0,7644,124020,6744,722,1216,1346,224,10468,38552,12724,2396,11464,1642,2296,924,0,80998,131640,218,Hystrix,Netflix/Hystrix,24398,Java,2012-11-19T20:14:46Z,2025-09-10T02:11:17Z,410,https://github.com/Netflix/Hystrix
ImmersionBar,0.0,0.0,0.0,902,1224,322,902,1745,299,59,1719,22614,47.73229886,-7.0,-7.0,875,170,485,107,199,84,769,5,0,0,376,53,44,173,17,142,64,0,424,7237,495,27,361,25,30,250,573,1025,138,763,125,15,8,32,3981,7402,1,ImmersionBar,gyf-dev/ImmersionBar,11453,Java,2017-04-19T05:10:09Z,2025-09-10T11:50:20Z,131,https://github.com/gyf-dev/ImmersionBar
JCSprout,0.0,0.0,0.0,636,934,298,636,1348,354,6,1318,572,47.26129166,0.0,0.0,748,100,652,72,8,16,680,2,0,2,358,134,12,332,0,14,110,0,174,8798,256,244,206,100,60,950,1056,1668,344,1346,318,50,56,42,4754,2790,202,JCSprout,crossoverJie/JCSprout,27075,Java,2017-12-17T09:06:50Z,2025-09-10T17:39:43Z,45,https://github.com/crossoverJie/JCSprout
Java,0.0,0.0,0.0,12404,15900,3496,12404,48968,6276,140,30560,47868,600.497778836,-84.0,-84.0,26576,4768,13080,4828,28,8640,21796,44,20,24,4916,976,260,3404,28,1224,1908,0,12448,230276,11856,7524,7540,196,2748,32972,134024,53756,15852,41984,6056,24,588,2352,255128,75900,0,Java,TheAlgorithms/Java,63323,Java,2016-07-16T10:21:02Z,2025-09-10T22:03:14Z,5,https://github.com/TheAlgorithms/Java
Java,0.0,0.0,0.0,12404,15900,3496,12404,48968,6276,140,30560,47868,600.497778836,-84.0,-84.0,26576,4768,13080,4828,28,8640,21796,44,20,24,4916,976,260,3404,28,1224,1908,0,12448,230276,11856,7524,7540,196,2748,32972,134024,53756,15852,41984,6056,24,588,2352,255128,75900,0,Java,DuGuQiuBai/Java,13690,Java,2015-11-25T07:30:08Z,2025-09-10T18:27:12Z,77,https://github.com/DuGuQiuBai/Java
Java,0.0,0.0,0.0,12404,15900,3496,12404,48968,6276,140,30560,47868,600.497778836,-84.0,-84.0,26576,4768,13080,4828,28,8640,21796,44,20,24,4916,976,260,3404,28,1224,1908,0,12448,230276,11856,7524,7540,196,2748,32972,134024,53756,15852,41984,6056,24,588,2352,255128,75900,0,Java,HelloWorld521/Java,3530,Java,2016-12-08T14:01:46Z,2025-09-10T06:40:47Z,80,https://github.com/HelloWorld521/Java
Java-WebSocket,0.0,0.0,0.0,928,1680,752,928,2658,475,73,2206,9558,41.76048882,-9.0,-9.0,1421,76,1198,113,16,94,1308,23,16,8,327,90,33,247,19,28,136,0,638,12805,452,110,396,228,159,1476,2660,1676,316,1281,187,74,30,7,11422,9504,72,Java-WebSocket,TooTallNate/Java-WebSocket,10737,Java,2010-01-20T23:33:04Z,2025-09-10T13:08:45Z,55,https://github.com/TooTallNate/Java-WebSocket
JeecgBoot,0.0,0.0,0.0,5914,7651,1737,5914,10396,975,26,10941,41312,204.10839865,-185.0,-185.0,4522,666,3449,384,47,642,4150,2,9,12,2898,513,228,2348,45,277,443,0,2385,46493,3955,655,1799,520,312,10928,3141,9292,1454,9520,839,38,9,205,29442,2913,886,JeecgBoot,jeecgboot/JeecgBoot,43829,Java,2018-11-26T10:40:00Z,2025-09-10T18:45:10Z,62,https://github.com/jeecgboot/JeecgBoot
Jetpack-MVVM-Best-Practice,0.0,0.0,0.0,576,731,155,576,759,193,23,768,1428,24.58866833,-19.0,-19.0,427,124,314,46,36,31,382,2,1,0,233,45,71,143,0,19,154,0,204,3691,215,14,181,13,34,327,251,536,81,495,75,12,36,27,3235,4535,0,Jetpack-MVVM-Best-Practice,KunMinX/Jetpack-MVVM-Best-Practice,8952,Java,2019-10-31T05:21:01Z,2025-09-10T01:48:23Z,6,https://github.com/KunMinX/Jetpack-MVVM-Best-Practice
JiaoZiVideoPlayer,0.0,0.0,0.0,502,646,144,502,1025,146,15,1101,3908,22.88922517,-4.0,-4.0,515,25,469,2,44,0,513,12,0,0,181,45,90,8,31,52,24,0,137,4511,151,7,274,17,60,311,380,562,158,389,96,8,15,48,3009,2103,0,JiaoZiVideoPlayer,lipangit/JiaoZiVideoPlayer,10496,Java,2016-02-06T11:04:24Z,2025-09-10T21:05:52Z,275,https://github.com/lipangit/JiaoZiVideoPlayer
JsBridge,0.0,0.0,0.0,112,157,45,112,262,37,0,209,547,7.06384062,-5.0,-5.0,149,7,119,17,2,11,132,1,0,0,58,14,12,28,0,18,16,0,28,1160,46,6,64,5,8,82,16,137,19,109,20,12,4,0,772,1051,0,JsBridge,uknownothingsnow/JsBridge,9891,Java,2015-02-26T12:10:58Z,2025-09-10T21:00:49Z,145,https://github.com/uknownothingsnow/JsBridge
JsonPath,0.0,0.0,0.0,1677,2726,1049,1677,3543,547,110,2910,10779,64.624971383,-35.0,-35.0,2034,178,1700,156,39,139,1918,18,1,2,403,175,71,298,9,25,301,0,2157,16468,1366,135,420,108,231,4604,938,2070,307,1815,280,83,87,62,11237,14304,21,JsonPath,json-path/JsonPath,9288,Java,2011-01-24T13:19:19Z,2025-09-10T09:01:41Z,428,https://github.com/json-path/JsonPath
JustAuth,0.0,0.0,0.0,1091,1960,869,1091,1218,266,57,2812,2571,17.21101486,-41.0,-41.0,900,74,715,91,63,31,809,0,0,0,230,20,6,221,3,0,115,0,527,6054,664,20,84,23,37,3774,226,778,109,901,91,54,7,8,6625,4227,15,JustAuth,justauth/JustAuth,17181,Java,2019-01-31T09:42:20Z,2025-09-10T18:44:59Z,70,https://github.com/justauth/JustAuth
LSPosed,0.0,0.0,0.0,4716,6870,2154,4716,9480,1406,138,9200,41090,164.412345352,-122.0,-122.0,4078,1054,3032,460,150,436,3638,30,28,72,1518,510,290,978,20,230,740,0,2868,45904,3258,332,2202,774,620,3516,2240,6522,960,5714,836,164,238,476,27114,74360,0,LSPosed,LSPosed/LSPosed,21514,Java,2020-12-12T08:39:37Z,2025-09-10T18:36:29Z,5,https://github.com/LSPosed/LSPosed
LeetCodeAnimation,0.0,0.0,0.0,12,39,3,36,60,12,0,27,0,0.6000000000000001,0.0,0.0,24,0,24,0,0,0,24,0,0,0,6,0,0,6,0,0,0,0,0,234,21,12,3,0,3,0,21,36,15,27,24,0,0,0,111,0,0,LeetCodeAnimation,MisterBooo/LeetCodeAnimation,76443,Java,2018-12-06T08:01:22Z,2025-09-10T19:54:52Z,22,https://github.com/MisterBooo/LeetCodeAnimation
Luban,0.0,0.0,0.0,86,120,34,86,226,34,0,224,315,6.1609207900000005,0.0,0.0,109,14,60,26,2,21,83,1,0,0,46,11,2,44,0,0,12,0,21,1088,103,11,34,10,12,49,146,175,39,131,20,11,2,0,919,1034,0,Luban,Curzibn/Luban,13677,Java,2016-07-24T07:43:21Z,2025-09-10T16:59:27Z,153,https://github.com/Curzibn/Luban
MPAndroidChart,0.0,0.0,0.0,8118,13842,5724,8118,14970,1818,267,17178,83568,290.56423545,-69.0,-69.0,7107,258,5544,264,711,588,6867,72,51,12,2430,264,282,1224,855,69,339,0,2718,63333,3528,1122,2316,39,1509,2448,13302,15201,5838,9732,1032,141,108,0,53589,90057,0,MPAndroidChart,PhilJay/MPAndroidChart,38109,Java,2014-04-25T14:29:47Z,2025-09-10T19:06:50Z,2191,https://github.com/PhilJay/MPAndroidChart
MVPArms,0.0,0.0,0.0,990,1248,258,990,1449,191,3,1136,4783,51.62842206,-9.0,-9.0,850,220,605,65,25,155,787,11,2,20,298,71,21,201,23,53,77,0,276,5986,447,54,227,43,85,292,344,949,150,720,128,15,26,19,5327,9554,1,MVPArms,JessYanCoding/MVPArms,10293,Java,2016-08-06T08:49:56Z,2025-09-08T08:51:57Z,48,https://github.com/JessYanCoding/MVPArms
MagicIndicator,0.0,0.0,0.0,515,780,265,515,888,138,3,834,2775,22.0136382,-2.0,-2.0,589,5,469,60,28,32,529,3,4,0,218,15,15,198,2,3,16,0,117,4533,237,22,152,0,104,115,368,720,411,547,49,53,5,0,2665,1037,0,MagicIndicator,hackware1993/MagicIndicator,9804,Java,2016-06-26T08:20:43Z,2025-09-10T18:11:29Z,187,https://github.com/hackware1993/MagicIndicator
Material-Animations,0.0,0.0,0.0,198,260,62,198,140,66,7,345,214,7.18293636,0.0,0.0,122,5,62,50,8,2,72,0,0,0,34,8,0,28,0,6,14,0,12,1010,17,3,8,0,8,11,37,134,16,127,8,29,1,0,914,-14,0,Material-Animations,lgvalle/Material-Animations,13639,Java,2015-03-08T20:54:00Z,2025-09-10T20:36:32Z,20,https://github.com/lgvalle/Material-Animations
MaterialDesignLibrary,0.0,0.0,0.0,372,463,91,372,541,149,17,691,554,21.78579282,0.0,0.0,274,3,215,7,52,0,267,1,0,0,165,4,2,25,0,138,5,0,69,2927,62,3,115,8,83,105,520,582,233,348,73,42,10,0,1884,1017,0,MaterialDesignLibrary,navasmdc/MaterialDesignLibrary,8973,Java,2014-09-30T07:37:17Z,2025-09-09T07:18:23Z,254,https://github.com/navasmdc/MaterialDesignLibrary
Matisse,0.0,0.0,0.0,506,694,188,506,753,106,4,889,614,22.64714764,-1.0,-1.0,385,55,275,56,24,30,330,4,0,0,241,83,66,161,10,4,110,0,173,3418,229,17,144,11,42,222,187,647,127,508,74,13,15,3,2941,3266,0,Matisse,zhihu/Matisse,12568,Java,2017-04-13T01:31:05Z,2025-09-10T21:00:55Z,465,https://github.com/zhihu/Matisse
Mybatis-PageHelper,0.0,0.0,0.0,1052,1627,575,1052,1262,261,34,1688,5365,24.91330123,-4.0,-4.0,717,62,592,21,28,76,713,4,1,1,185,59,20,113,40,12,46,0,583,7390,421,37,198,160,158,949,1498,1318,197,963,191,7,14,6,4825,9431,3,Mybatis-PageHelper,pagehelper/Mybatis-PageHelper,12338,Java,2014-06-09T15:32:30Z,2025-09-10T17:39:32Z,63,https://github.com/pagehelper/Mybatis-PageHelper
Mycat-Server,0.0,0.0,0.0,6320,9744,3424,6320,22600,1671,222,17476,101328,442.261155983,-97.0,-97.0,8291,1390,6662,1130,139,360,7270,77,84,44,4937,2223,1393,3103,285,156,2806,0,3787,92943,6307,1869,5494,811,2473,10023,14246,22873,4779,16225,1953,122,104,4,57886,45135,958,Mycat-Server,MyCATApache/Mycat-Server,9555,Java,2014-12-04T02:46:54Z,2025-09-10T01:23:19Z,951,https://github.com/MyCATApache/Mycat-Server
NewPipe,0.0,0.0,0.0,9722,12790,3068,9722,19778,1928,194,21480,50744,386.20433914,-86.0,-86.0,8336,1074,5302,1912,490,632,6424,136,12,64,4106,1368,714,2856,130,406,2342,0,3890,83132,6012,572,4194,418,846,5842,6904,12334,2200,10780,1288,180,280,1354,63314,65004,2,NewPipe,TeamNewPipe/NewPipe,35027,Java,2015-09-03T23:39:26Z,2025-09-10T21:50:26Z,1254,https://github.com/TeamNewPipe/NewPipe
OpenRefine,0.0,0.0,0.0,9349,14106,4757,9349,16234,2357,375,16808,17853,384.913131231,-65.0,-65.0,7226,613,5976,265,621,364,6976,70,31,24,3309,872,747,1063,758,741,1120,0,5686,72956,4761,1005,2749,613,2571,27553,9643,14809,2918,12491,1660,110,206,261,56743,65110,327,OpenRefine,OpenRefine/OpenRefine,11505,Java,2012-10-15T02:22:48Z,2025-09-09T08:33:33Z,679,https://github.com/OpenRefine/OpenRefine
OpenSearch,0.0,0.0,0.0,140358,173260,32898,140362,209346,32627,2601,290800,724535,4385.909618013,-763.0,-763.0,114344,10451,82136,11564,10212,10432,103473,1418,1242,480,37156,11962,5612,25449,1677,4418,26836,0,68881,1267472,68022,18790,35122,10410,9896,258400,173574,243927,36681,222450,19010,4046,4527,26933,958726,966482,8180,OpenSearch,opensearch-project/OpenSearch,11519,Java,2021-01-29T22:10:00Z,2025-09-10T22:34:58Z,2346,https://github.com/opensearch-project/OpenSearch
Paper,0.0,0.0,0.0,28725,36881,7998,28883,41567,7021,923,31250,465738,1000.242227138,-541.0,-541.0,27376,2963,20354,1294,502,5226,26223,142,137,60,17529,8246,7043,4349,288,5849,10071,0,18649,160600,16347,1537,5859,572,2258,27029,14334,30588,3797,27583,2085,334,651,1491,180827,157675,176,Paper,PaperMC/Paper,11394,Java,2016-01-22T05:40:19Z,2025-09-10T23:25:38Z,512,https://github.com/PaperMC/Paper
PermissionsDispatcher,0.0,0.0,0.0,193,213,20,193,535,146,1,163,4091,9.17330831,-1.0,-1.0,454,14,136,22,266,30,433,3,4,0,114,97,86,24,0,4,107,0,25,3184,324,10,31,3,4,4510,29,156,8,152,18,89,5,0,4447,2144,0,PermissionsDispatcher,permissions-dispatcher/PermissionsDispatcher,11234,Java,2015-08-15T21:41:05Z,2025-09-06T21:00:47Z,32,https://github.com/permissions-dispatcher/PermissionsDispatcher
PhotoView,0.0,0.0,0.0,213,279,66,213,356,61,0,320,1107,7.34519688,0.0,0.0,187,8,140,24,6,17,163,0,0,0,79,20,3,72,0,4,28,0,34,1792,97,0,62,6,25,27,97,248,66,175,33,11,9,1,1491,49,0,PhotoView,Baseflow/PhotoView,18872,Java,2012-07-17T16:39:00Z,2025-09-10T18:12:27Z,220,https://github.com/Baseflow/PhotoView
PictureSelector,0.0,0.0,0.0,3800,5641,1841,3800,8428,912,32,7132,36444,130.510443237,-19.0,-19.0,3943,555,2886,524,175,358,3424,20,16,13,1934,723,706,1052,86,90,904,0,1830,39103,2239,174,1637,173,419,1336,2683,6158,1211,4566,720,293,108,11,24144,11400,0,PictureSelector,LuckSiege/PictureSelector,13546,Java,2017-01-04T07:47:39Z,2025-09-10T21:00:55Z,569,https://github.com/LuckSiege/PictureSelector
PocketHub,0.0,0.0,0.0,1394,1681,287,1394,1501,314,23,2208,1917,47.023916376,-6.0,-6.0,810,132,567,86,61,96,726,2,2,0,451,188,117,277,25,32,304,0,280,6980,610,54,288,30,22,624,376,1245,120,1184,178,10,12,94,7300,7445,1,PocketHub,pockethub/PocketHub,9382,Java,2011-09-08T16:52:50Z,2025-09-10T21:05:35Z,132,https://github.com/pockethub/PocketHub
QMUI_Android,0.0,0.0,0.0,5829,8140,2311,5829,11302,1737,179,10167,37675,228.83177155,-23.0,-23.0,5399,412,3853,588,584,374,4827,38,47,9,2478,564,275,1691,55,457,601,0,2559,58309,2952,332,2830,112,688,2767,7657,8965,2065,6184,818,505,194,2,32002,39664,0,QMUI_Android,Tencent/QMUI_Android,14514,Java,2017-04-21T10:03:18Z,2025-09-10T21:00:55Z,427,https://github.com/Tencent/QMUI_Android
RxAndroid,0.0,0.0,0.0,250,310,60,250,390,124,0,372,340,7.64978358,-2.0,-2.0,298,34,262,6,14,16,292,2,4,0,34,10,0,32,0,2,26,0,108,2904,78,0,34,46,0,118,320,320,4,312,34,80,6,4,1524,2434,0,RxAndroid,ReactiveX/RxAndroid,20061,Java,2014-08-19T03:46:38Z,2025-09-10T17:45:15Z,1,https://github.com/ReactiveX/RxAndroid
RxJava,0.0,0.0,0.0,89877,111168,21291,89877,145395,46947,984,146319,1689717,2529.6761112,-222.0,-222.0,102966,3402,92709,885,2880,6492,102117,222,4566,15,20604,2769,345,2967,195,17097,13887,0,33273,1111545,34740,7686,14061,8538,2043,49326,149799,110823,10581,106077,13491,26463,3537,4389,476217,349239,1749,RxJava,ReactiveX/RxJava,48308,Java,2013-01-08T20:11:48Z,2025-09-10T17:39:28Z,13,https://github.com/ReactiveX/RxJava
RxPermissions,0.0,0.0,0.0,93,122,29,93,142,22,0,166,202,3.65189995,0.0,0.0,101,0,78,11,3,9,90,0,0,1,17,4,3,11,0,3,7,0,0,876,46,5,19,1,2,58,35,142,14,133,13,13,1,1,423,-6,0,RxPermissions,tbruyelle/RxPermissions,10485,Java,2015-09-29T13:55:09Z,2025-09-10T21:00:51Z,101,https://github.com/tbruyelle/RxPermissions
Sa-Token,0.0,0.0,0.0,3375,5078,1568,3510,6568,915,43,6207,45737,147.08608471,-68.0,-68.0,4443,1030,4082,86,36,239,4364,0,0,16,1203,432,693,321,31,158,331,0,1552,26943,3388,245,768,180,151,3957,2866,4017,923,3393,478,7,8,274,18393,947,74,Sa-Token,dromara/Sa-Token,18143,Java,2020-02-03T10:34:29Z,2025-09-10T13:27:36Z,123,https://github.com/dromara/Sa-Token
Signal-Server,0.0,0.0,0.0,11627,14128,2501,11627,9351,1886,84,24713,17476,349.346206315,-96.0,-96.0,6260,940,3021,927,229,2083,5358,36,5,27,3840,1737,219,3273,10,338,2939,0,11355,59915,3515,285,796,771,279,9795,7174,13220,1147,14649,981,69,227,2554,60193,41384,264,Signal-Server,signalapp/Signal-Server,10057,Java,2013-12-09T07:10:36Z,2025-09-10T16:56:55Z,12,https://github.com/signalapp/Signal-Server
SlidingMenu,0.0,0.0,0.0,379,497,118,379,771,145,12,748,3511,10.06345612,0.0,0.0,428,2,381,20,18,9,408,12,0,0,103,24,14,84,5,0,25,0,42,3085,180,5,173,2,41,47,207,440,131,318,44,29,12,0,2509,2082,0,SlidingMenu,jfeinstein10/SlidingMenu,11048,Java,2012-06-30T05:14:23Z,2025-09-10T21:00:47Z,306,https://github.com/jfeinstein10/SlidingMenu
SmartRefreshLayout,0.0,0.0,0.0,4536,6030,1494,4536,7146,1028,58,7054,20678,118.18527516,-22.0,-22.0,2616,132,1682,130,456,348,2526,8,0,0,1938,422,266,394,1080,198,462,0,1500,36292,1034,160,1508,26,1294,926,7462,7568,4138,5362,560,280,114,228,22530,14920,0,SmartRefreshLayout,scwang90/SmartRefreshLayout,25154,Java,2017-06-02T09:52:50Z,2025-09-10T21:00:56Z,334,https://github.com/scwang90/SmartRefreshLayout
SmartTube,0.0,0.0,0.0,42710,57934,15224,42710,107110,9976,932,77388,423450,2031.112192122,-158.0,-158.0,48004,4660,32094,8472,2812,4626,39602,426,1860,330,29094,9310,5764,19620,230,3480,17000,0,19134,476204,28112,5074,27832,1376,6712,24418,69756,88162,15870,68874,6574,1196,2014,2018,383276,344802,6,SmartTube,yuliskov/SmartTube,24410,Java,2020-07-28T12:53:52Z,2025-09-10T23:20:07Z,2699,https://github.com/yuliskov/SmartTube
SmarterStreaming,0.0,0.0,0.0,662,773,103,670,2084,181,0,1245,12307,13.61402536,-2.0,-2.0,698,9,552,118,14,14,586,0,3,0,476,57,14,401,0,61,73,0,48,10750,292,39,491,42,175,1266,1279,1693,496,975,181,78,67,0,6230,-32,0,SmarterStreaming,daniulive/SmarterStreaming,11115,Java,2016-03-26T14:46:02Z,2025-09-10T11:26:19Z,7,https://github.com/daniulive/SmarterStreaming
SpringAll,0.0,0.0,0.0,3964,5006,766,4240,2522,840,14,3612,2834,171.93450534,-48.0,-48.0,2130,170,1746,190,60,134,1940,0,6,0,906,122,14,868,8,16,126,0,194,12070,1348,28,120,70,18,2398,552,1640,236,2068,188,10,4,150,12320,4830,78,SpringAll,wuyouzhuguli/SpringAll,28951,Java,2018-05-02T02:48:44Z,2025-09-10T09:42:39Z,34,https://github.com/wuyouzhuguli/SpringAll
SpringBoot-Learning,0.0,0.0,0.0,1198,1505,199,1306,506,276,3,730,391,21.05092624,-29.0,-29.0,491,65,401,8,3,79,483,0,0,0,236,21,8,213,4,11,8,0,81,2790,216,2,6,3,17,869,196,263,86,393,12,1,12,6,2670,347,85,SpringBoot-Learning,dyc87112/SpringBoot-Learning,15792,Java,2016-08-21T03:39:06Z,2025-09-10T18:34:58Z,68,https://github.com/dyc87112/SpringBoot-Learning
SpringCloudLearning,0.0,0.0,0.0,651,750,71,679,232,150,2,274,78,11.43333348,-1.0,-1.0,202,51,180,5,2,15,201,0,0,0,57,16,0,26,0,31,19,0,6,1123,90,4,9,5,1,221,44,64,34,97,25,4,2,5,1422,1167,12,SpringCloudLearning,forezp/SpringCloudLearning,17972,Java,2017-04-08T10:06:56Z,2025-09-10T18:29:13Z,50,https://github.com/forezp/SpringCloudLearning
StatusBarUtil,0.0,0.0,0.0,137,174,37,137,168,51,7,222,744,4.96747971,0.0,0.0,99,41,70,14,15,0,85,0,0,0,49,5,2,47,0,0,5,0,83,1036,21,1,26,2,10,13,94,122,15,113,15,21,0,0,692,-9,0,StatusBarUtil,laobie/StatusBarUtil,8802,Java,2016-02-15T03:06:06Z,2025-09-10T21:00:52Z,112,https://github.com/laobie/StatusBarUtil
Stirling-PDF,0.0,0.0,0.0,14355,17694,3339,14355,20445,2163,213,29640,28956,420.286861068,-417.0,-417.0,7476,891,3624,1608,72,2172,5877,3,6,15,4623,546,60,4449,6,108,1764,0,7248,106029,6516,1479,3627,2178,1077,30240,8424,22314,4299,22797,2238,102,294,1026,87654,8952,2934,Stirling-PDF,Stirling-Tools/Stirling-PDF,66684,Java,2023-01-27T18:22:42Z,2025-09-10T23:52:24Z,390,https://github.com/Stirling-Tools/Stirling-PDF
Telegram,0.0,0.0,0.0,183004,227632,44566,183066,642864,44412,5952,443478,1742316,7357.002770048,-550.0,-550.0,143570,12890,102266,20214,12702,8388,123776,542,1264,452,133494,25270,42794,77816,1260,11624,43048,0,68804,3212650,105428,22742,239216,7580,95514,92844,536736,537022,164544,354500,35264,9564,11994,22008,1229544,834716,0,Telegram,DrKLO/Telegram,27512,Java,2013-10-25T14:08:10Z,2025-09-10T23:11:36Z,418,https://github.com/DrKLO/Telegram
VasSonic,0.0,0.0,0.0,466,698,232,466,1518,142,14,1286,2399,24.05402911,-6.0,-6.0,565,98,350,59,66,90,506,32,2,25,352,179,122,119,67,44,225,0,663,7421,440,72,304,63,71,1259,308,1291,364,970,134,44,19,0,6002,8308,0,VasSonic,Tencent/VasSonic,11868,Java,2017-08-01T08:35:13Z,2025-09-05T06:10:22Z,44,https://github.com/Tencent/VasSonic
ViewPagerIndicator,0.0,0.0,0.0,397,524,127,397,599,179,26,665,1932,13.90144646,0.0,0.0,284,3,209,23,43,9,261,0,0,0,128,26,6,113,2,7,43,0,67,2947,129,17,154,0,81,63,211,665,205,444,39,12,12,0,2583,1106,0,ViewPagerIndicator,JakeWharton/ViewPagerIndicator,10108,Java,2011-08-04T17:13:44Z,2025-09-08T11:00:06Z,210,https://github.com/JakeWharton/ViewPagerIndicator
VirtualAPK,0.0,0.0,0.0,798,1014,216,798,1447,263,9,1407,2865,47.081935535,-18.0,-18.0,789,146,630,72,72,15,718,6,20,5,401,151,246,99,35,21,199,0,276,7981,591,84,291,110,41,631,320,1039,157,988,135,31,48,0,5106,6051,0,VirtualAPK,didi/VirtualAPK,9042,Java,2017-06-29T07:25:05Z,2025-09-08T15:03:46Z,121,https://github.com/didi/VirtualAPK
VirtualApp,0.0,0.0,0.0,5596,8295,2699,5596,8865,3675,1055,7470,22168,170.460266522,-606.0,-606.0,4144,459,3033,448,277,386,3716,45,42,10,2614,1397,1420,946,32,216,711,0,2292,46624,3215,502,1859,532,423,2453,3099,6766,1175,5780,892,149,724,40,29397,35847,0,VirtualApp,asLody/VirtualApp,10747,Java,2016-07-06T13:25:23Z,2025-09-10T19:00:18Z,170,https://github.com/asLody/VirtualApp
VirtualXposed,0.0,0.0,0.0,5735,8509,2774,5735,8800,4058,1167,7734,21353,157.458862902,-675.0,-675.0,3821,503,2907,458,248,208,3388,93,36,8,2489,1455,1463,781,36,209,713,0,2498,47736,3361,502,1918,627,376,2737,5393,6875,840,6009,911,126,785,122,29742,36454,0,VirtualXposed,android-hacker/VirtualXposed,15828,Java,2017-12-01T09:00:58Z,2025-09-10T19:00:26Z,150,https://github.com/android-hacker/VirtualXposed
WxJava,0.0,0.0,0.0,56010,71524,15514,56010,34708,12346,1180,42906,206742,2351.799922576,-5232.0,-5232.0,24846,1838,17630,886,708,5622,24000,48,12,124,42124,7162,1234,37438,992,2460,8722,0,7288,225902,12762,738,4036,962,474,69626,17742,38184,3384,64028,2236,278,2690,216,300616,179878,1314,WxJava,binarywang/WxJava,31879,Java,2016-01-06T08:24:05Z,2025-09-10T17:06:42Z,85,https://github.com/binarywang/WxJava
advanced-java,0.0,0.0,0.0,0,0,0,0,3,3,0,3,0,0.0,0.0,0.0,3,3,3,0,0,0,3,0,0,0,0,0,0,0,0,0,0,0,0,15,0,0,0,0,0,3,0,0,0,0,0,0,0,0,15,3,0,advanced-java,doocs/advanced-java,78221,Java,2018-10-06T11:38:30Z,2025-09-10T18:42:11Z,1,https://github.com/doocs/advanced-java
analysis-ik,0.0,0.0,0.0,183,286,103,183,696,52,5,437,586,16.48783093,-1.0,-1.0,265,30,152,47,1,65,219,3,1,4,133,51,18,108,3,4,50,0,89,2571,240,46,208,11,31,205,327,561,89,371,60,1,4,4,1304,1110,24,analysis-ik,infinilabs/analysis-ik,17204,Java,2011-12-16T09:01:45Z,2025-09-10T15:29:50Z,381,https://github.com/infinilabs/analysis-ik
android-Ultra-Pull-To-Refresh,0.0,0.0,0.0,653,892,239,653,935,228,9,1082,3082,20.74425736,-1.0,-1.0,570,37,450,67,52,1,504,0,3,0,295,77,26,264,4,1,76,0,138,5476,210,27,130,0,116,227,1225,836,350,634,66,97,14,0,3607,2057,0,android-Ultra-Pull-To-Refresh,liaohuqiu/android-Ultra-Pull-To-Refresh,9567,Java,2014-11-13T03:13:10Z,2025-09-10T21:00:49Z,172,https://github.com/liaohuqiu/android-Ultra-Pull-To-Refresh
android-async-http,0.0,0.0,0.0,872,1271,399,872,1655,275,47,1369,7065,54.10431244,0.0,0.0,887,36,718,47,58,64,843,15,21,2,306,153,61,191,37,17,223,0,172,7620,451,78,281,67,120,543,957,926,212,694,175,59,15,0,7355,10382,0,android-async-http,android-async-http/android-async-http,10634,Java,2011-02-20T03:25:07Z,2025-09-10T14:54:07Z,120,https://github.com/android-async-http/android-async-http
android-gif-drawable,0.0,0.0,0.0,394,521,127,394,702,106,19,560,3823,15.68577039,-1.0,-1.0,477,62,293,70,10,104,408,3,5,33,112,16,8,75,1,28,63,0,130,2920,200,16,77,19,14,83,286,343,46,253,47,9,15,1,3548,3411,0,android-gif-drawable,koral--/android-gif-drawable,9631,Java,2013-01-30T01:37:46Z,2025-09-10T09:55:39Z,37,https://github.com/koral--/android-gif-drawable
android-gpuimage,0.0,0.0,0.0,453,669,216,453,1073,330,88,960,1729,46.16208308,-1.0,-1.0,675,23,569,55,35,16,621,3,2,4,449,128,111,321,8,9,155,0,93,6341,161,39,135,22,83,2911,775,956,310,679,74,30,27,0,7794,2202,0,android-gpuimage,cats-oss/android-gpuimage,9128,Java,2012-10-04T08:11:58Z,2025-09-10T21:00:47Z,347,https://github.com/cats-oss/android-gpuimage
android-interview-questions,0.0,0.0,0.0,0,0,0,0,1,1,0,1,0,0.0,0.0,0.0,1,1,1,0,0,0,1,0,0,0,0,0,0,0,0,0,0,0,0,5,0,0,0,0,0,1,0,0,0,0,0,0,0,0,6,1,0,android-interview-questions,amitshekhariitbhu/android-interview-questions,12067,Java,2017-07-09T18:47:24Z,2025-09-10T17:14:13Z,12,https://github.com/amitshekhariitbhu/android-interview-questions
androidannotations,0.0,0.0,0.0,5737,7863,2125,5738,6221,1621,125,7067,25133,201.42302049,-202.0,-202.0,4153,96,2656,424,362,711,3734,45,34,8,1855,457,515,701,81,558,726,0,466,28800,1619,307,794,100,53,3372,919,5193,391,4958,432,51,98,0,25107,71660,46,androidannotations,androidannotations/androidannotations,11040,Java,2012-01-06T08:48:03Z,2025-09-06T14:17:21Z,50,https://github.com/androidannotations/androidannotations
antlr4,0.0,0.0,0.0,3822,6441,2619,3822,9527,1215,256,6271,31976,183.539967812,-24.0,-24.0,4439,337,3673,185,370,211,4317,26,86,3,1520,336,857,288,281,94,740,0,1866,41027,2966,868,1904,176,478,10825,3828,9814,2238,7992,676,55,86,18,40744,44850,33,antlr4,antlr/antlr4,18318,Java,2010-02-04T01:36:28Z,2025-09-10T17:45:07Z,1034,https://github.com/antlr/antlr4
apollo,0.0,0.0,0.0,10712,15398,4686,10712,12402,1864,274,18322,22088,467.20205894,-130.0,-130.0,8476,514,6766,906,158,646,7582,16,20,2,4526,678,70,4104,60,292,1904,0,3132,66998,5038,630,1168,354,114,11412,3914,14044,856,14190,954,78,118,360,50438,35052,334,apollo,apolloconfig/apollo,29649,Java,2016-03-04T10:24:23Z,2025-09-10T20:48:02Z,150,https://github.com/apolloconfig/apollo
arthas,0.0,0.0,0.0,13521,20004,6483,13521,32859,3873,444,30627,104712,842.10145683,-117.0,-117.0,16908,2325,13656,1629,321,1302,15366,126,72,243,7089,2097,717,5814,150,408,2577,0,7038,143415,10857,2226,5613,1554,918,19650,13470,24573,4008,20112,3303,369,342,96,104175,94470,1371,arthas,alibaba/arthas,36705,Java,2018-08-29T17:15:57Z,2025-09-10T21:00:57Z,464,https://github.com/alibaba/arthas
auto,0.0,0.0,0.0,4686,5461,774,4687,5624,1943,58,7720,29151,152.23921882,-232.0,-232.0,4148,688,1980,518,65,1585,3631,771,28,6,827,187,31,581,4,211,565,0,2219,31941,2039,278,311,115,76,9173,1393,4285,659,4399,345,58,785,319,29309,365194,0,auto,google/auto,10520,Java,2013-05-22T21:41:56Z,2025-09-10T16:47:23Z,86,https://github.com/google/auto
awesome-java-leetcode,0.0,0.0,0.0,121,212,91,121,522,72,0,356,84,2.00000008,0.0,0.0,158,76,146,12,0,0,146,0,0,0,10,2,7,2,0,1,1,0,115,1772,154,136,152,0,27,195,685,564,287,419,146,2,0,0,1346,67,0,awesome-java-leetcode,Blankj/awesome-java-leetcode,8718,Java,2017-04-17T15:51:41Z,2025-09-09T16:28:57Z,13,https://github.com/Blankj/awesome-java-leetcode
awesome-leetcode-resources,0.0,0.0,0.0,13,19,6,13,88,11,0,47,52,0.6666667,-1.0,-1.0,28,0,24,2,0,2,26,0,0,0,7,0,0,0,0,7,0,0,16,360,28,40,19,0,0,1,56,132,28,104,14,0,1,3,179,8,0,awesome-leetcode-resources,ashishps1/awesome-leetcode-resources,12891,Java,2023-10-25T01:48:19Z,2025-09-10T22:55:18Z,10,https://github.com/ashishps1/awesome-leetcode-resources
awesome-low-level-design,0.0,0.0,0.0,2082,4089,1986,2103,3115,902,81,3227,2417,139.17715026,-54.0,-54.0,2398,125,2102,118,20,158,2282,19,1,61,1091,73,7,1044,31,9,764,0,380,14591,1092,115,292,37,60,1963,713,2167,505,2073,316,0,18,111,12377,34704,7,awesome-low-level-design,ashishps1/awesome-low-level-design,17828,Java,2023-11-17T10:15:12Z,2025-09-10T22:55:24Z,49,https://github.com/ashishps1/awesome-low-level-design
awesome-system-design-resources,0.0,0.0,0.0,18,34,16,18,140,22,0,184,0,3.8361112,0.0,0.0,74,14,66,8,0,0,66,0,0,10,66,0,0,66,0,0,30,0,50,672,40,28,4,4,32,88,110,198,72,172,30,0,0,2,462,22,0,awesome-system-design-resources,ashishps1/awesome-system-design-resources,25854,Java,2023-10-25T01:50:42Z,2025-09-10T21:41:37Z,5,https://github.com/ashishps1/awesome-system-design-resources
aws-doc-sdk-examples,0.0,0.0,0.0,11777,13500,1659,11841,11919,1740,18,32305,10351,313.429357336,-20.0,-20.0,5845,3109,4776,663,58,348,5190,7,1,5,2592,1616,249,2036,1,306,841,0,6239,81846,2742,980,1567,2254,339,17527,7175,19417,3969,20011,2335,23,110,1905,93564,6037,2724,aws-doc-sdk-examples,awsdocs/aws-doc-sdk-examples,10194,Java,2016-08-18T19:06:57Z,2025-09-10T20:46:52Z,148,https://github.com/awsdocs/aws-doc-sdk-examples
banner,0.0,0.0,0.0,444,601,157,444,565,134,13,602,3481,18.53014909,-2.0,-2.0,326,24,264,16,25,21,311,0,1,0,173,35,36,108,4,25,42,0,86,2724,156,5,110,4,50,78,339,392,180,335,59,6,11,7,2011,3178,0,banner,youth5201314/banner,13039,Java,2016-04-22T05:50:25Z,2025-09-10T12:28:04Z,44,https://github.com/youth5201314/banner
bazel,0.0,0.0,0.0,160478,212430,51830,160600,226506,34522,3780,263224,1447692,5306.006569632,-2130.0,-2130.0,134140,14742,95236,19396,4560,14948,115056,2824,2252,1002,45310,11956,9586,31762,1182,2780,31900,0,58314,1174608,75946,12934,27038,8082,7928,294476,59080,185378,28552,174336,16914,2470,7780,11774,1223930,1317694,1518,bazel,bazelbuild/bazel,24535,Java,2014-06-12T16:00:38Z,2025-09-10T18:59:14Z,1803,https://github.com/bazelbuild/bazel
butterknife,0.0,0.0,0.0,2154,2646,492,2154,2504,672,28,2788,5702,82.45952786,-134.0,-134.0,1334,180,796,218,26,294,1116,2,2,2,736,212,40,378,0,318,434,0,702,15424,660,184,360,110,48,9718,1564,3174,650,3062,160,24,252,88,11410,8414,0,butterknife,JakeWharton/butterknife,25488,Java,2013-03-05T08:18:59Z,2025-09-10T21:00:47Z,119,https://github.com/JakeWharton/butterknife
bytecode-viewer,0.0,0.0,0.0,1961,3178,1217,1961,5025,850,77,5127,5667,96.502217065,-14.0,-14.0,1737,375,1374,226,58,79,1521,16,19,17,1080,321,490,524,39,27,676,0,1802,21761,1201,424,903,343,453,4506,2025,4162,976,3684,770,67,41,322,16862,12845,0,bytecode-viewer,Konloch/bytecode-viewer,15205,Java,2014-10-14T10:26:46Z,2025-09-10T11:08:32Z,99,https://github.com/Konloch/bytecode-viewer
caffeine,0.0,0.0,0.0,6561,9140,2579,6561,14820,2121,151,17982,217994,290.956858695,-107.0,-107.0,8820,872,6162,887,217,1554,7949,60,44,6,2482,586,106,1029,61,1286,1533,0,12039,85095,3918,1254,2061,445,1671,8180,12343,12708,2180,14960,910,305,475,2994,51414,84715,9,caffeine,ben-manes/caffeine,17018,Java,2014-12-13T08:45:11Z,2025-09-10T17:39:35Z,3,https://github.com/ben-manes/caffeine
canal,0.0,0.0,0.0,12198,17180,4982,12198,37982,2896,308,30958,162294,731.100640392,-120.0,-120.0,17110,2050,14106,1592,428,984,15614,22,874,90,7882,2816,1832,5430,490,130,3016,0,6632,225180,13092,1950,7136,1874,4836,15676,18476,33294,7166,23660,3056,204,504,584,86996,68508,1652,canal,alibaba/canal,29363,Java,2013-01-13T10:59:52Z,2025-09-10T18:44:57Z,1232,https://github.com/alibaba/canal
cas,0.0,0.0,0.0,83055,96763,13708,83055,32547,13454,2248,100729,70213,1805.715699323,-1772.0,-1772.0,22944,2196,10592,1629,2578,8145,21385,94,31,1,15324,3160,399,12410,1220,1295,6823,0,14875,228308,15291,380,2527,1346,343,45602,6373,45354,1899,55178,4037,308,1791,6998,360816,390695,5075,cas,apereo/cas,11193,Java,2011-09-09T01:36:42Z,2025-09-10T14:00:43Z,3,https://github.com/apereo/cas
cassandra,0.0,0.0,0.0,86339,113357,27018,86339,147162,22391,2649,175416,748405,3329.050632246,-641.0,-641.0,78619,13239,55519,10650,3769,8681,68498,1163,445,575,27909,9492,6665,14614,1469,5161,20081,0,71925,743796,51545,14017,20422,6102,8007,120206,136744,125045,28672,115090,13370,1864,4868,13133,613087,775180,3666,cassandra,apache/cassandra,9358,Java,2009-05-21T02:10:09Z,2025-09-10T22:47:14Z,558,https://github.com/apache/cassandra
cat,0.0,0.0,0.0,20916,30960,9862,21098,37466,5428,302,41614,87168,1173.833490552,-198.0,-198.0,19420,768,14854,2558,1332,676,16872,154,10,70,8384,1674,1102,6862,338,82,1546,0,6096,196002,13260,3108,5596,1810,1586,16610,12144,33906,7332,29538,4700,412,754,0,103456,148826,294,cat,dianping/cat,18933,Java,2012-12-05T02:31:48Z,2025-09-10T18:37:40Z,213,https://github.com/dianping/cat
cim,0.0,0.0,0.0,986,1429,443,986,1020,259,18,1419,1159,30.757763626,-30.0,-30.0,677,69,511,63,13,90,615,4,0,2,344,63,27,308,1,8,93,0,235,5622,286,113,88,36,31,938,489,1149,219,1245,134,9,29,90,4986,5618,127,cim,crossoverJie/cim,9441,Java,2018-05-20T15:55:56Z,2025-09-10T18:44:59Z,41,https://github.com/crossoverJie/cim
clojure,0.0,0.0,0.0,3304,5541,2237,3304,11569,1371,189,5320,119569,121.180909922,-22.0,-22.0,4626,1195,3357,285,54,930,4351,20,148,14,1853,773,399,389,16,1049,1157,0,8343,46876,4898,762,2745,135,1604,1750,4148,11965,1664,5218,648,51,680,8,23733,32580,0,clojure,clojure/clojure,10712,Java,2010-06-29T20:03:33Z,2025-09-10T13:46:45Z,0,https://github.com/clojure/clojure
conductor,0.0,0.0,0.0,19554,27387,7815,19572,35976,3192,429,53016,229737,823.69214448,-165.0,-165.0,22737,594,18486,2106,696,1449,20763,156,63,24,7800,1632,402,6675,327,396,3360,0,8862,191493,13410,1515,4011,3000,783,36291,15840,35550,4176,34947,2061,189,330,3933,127233,129786,3618,conductor,conductor-oss/conductor,29012,Java,2023-12-08T06:06:09Z,2025-09-10T23:44:05Z,96,https://github.com/conductor-oss/conductor
conductor,0.0,0.0,0.0,19554,27387,7815,19572,35976,3192,429,53016,229737,823.69214448,-165.0,-165.0,22737,594,18486,2106,696,1449,20763,156,63,24,7800,1632,402,6675,327,396,3360,0,8862,191493,13410,1515,4011,3000,783,36291,15840,35550,4176,34947,2061,189,330,3933,127233,129786,3618,conductor,Netflix/conductor,12777,Java,2016-12-07T22:48:42Z,2025-09-10T12:58:23Z,164,https://github.com/Netflix/conductor
cryptomator,0.0,0.0,0.0,3684,4799,1115,3684,3315,633,13,5149,8201,126.2617306,-28.0,-28.0,2354,277,1383,358,55,558,2006,81,0,32,1596,315,196,1266,9,125,1296,0,865,17289,1341,38,287,189,53,1825,592,2568,248,2898,318,15,102,383,15647,27595,228,cryptomator,cryptomator/cryptomator,13588,Java,2014-02-02T00:43:47Z,2025-09-10T09:37:56Z,277,https://github.com/cryptomator/cryptomator
dataease,0.0,0.0,0.0,10874,13818,2944,10874,18966,2654,186,19706,61040,376.4117004,-1204.0,-1204.0,7686,938,5512,646,66,1462,7054,60,0,10,8984,1290,456,8422,44,62,1214,0,4494,85482,5256,1494,2000,820,600,17852,5280,17802,2820,21338,1244,114,102,872,57228,19540,442,dataease,dataease/dataease,21814,Java,2021-02-02T04:10:21Z,2025-09-10T22:56:38Z,83,https://github.com/dataease/dataease
debezium,0.0,0.0,0.0,23045,31180,8126,23054,38441,5349,479,50309,188111,1041.690780177,-203.0,-203.0,22664,2348,14695,2356,3049,2564,20339,355,23,42,8662,3652,1738,5941,496,487,6355,0,19153,210057,15277,1620,5062,2419,2186,60240,31138,37514,6495,35567,2951,199,636,3910,185713,275599,2260,debezium,debezium/debezium,11819,Java,2016-01-22T20:17:05Z,2025-09-10T15:03:21Z,84,https://github.com/debezium/debezium
deeplearning4j,0.0,0.0,0.0,47828,59192,11334,47858,146335,12414,1141,84336,310658498,1416.236973978,-373.0,-373.0,98427,6589,75242,2980,1457,18748,96148,335,146,178,11930,2429,1387,8053,2226,264,3769,0,20267,558237,48018,9751,15711,2316,5805,58693,137027,96300,17854,79425,5494,196,1309,597,310173,235675,1689,deeplearning4j,deeplearning4j/deeplearning4j,14097,Java,2013-11-27T02:03:28Z,2025-09-10T12:24:49Z,638,https://github.com/deeplearning4j/deeplearning4j
dex2jar,0.0,0.0,0.0,3100,5230,2130,3100,9010,897,139,5619,12067,114.171811646,-54.0,-54.0,2478,492,1788,338,158,194,2145,27,8,3,1099,197,432,255,72,340,368,0,3012,41715,2225,899,1995,132,959,4124,4972,6687,1358,4936,769,131,125,9,18647,30936,0,dex2jar,pxb1988/dex2jar,12898,Java,2015-03-16T09:13:07Z,2025-09-10T19:00:06Z,380,https://github.com/pxb1988/dex2jar
disruptor,0.0,0.0,0.0,1837,3032,1195,1837,2303,529,53,2255,10612,101.12363875,-57.0,-57.0,1632,116,1260,171,54,147,1497,5,16,0,909,179,50,715,34,110,621,0,552,13167,585,248,133,151,142,1057,1888,2423,539,3255,259,7,144,121,15574,14540,1,disruptor,LMAX-Exchange/disruptor,17978,Java,2012-09-21T13:42:24Z,2025-09-10T18:14:31Z,10,https://github.com/LMAX-Exchange/disruptor
druid,0.0,0.0,0.0,89160,111900,22740,89160,229356,34026,2367,196182,4034208,2612.337479619,-627.0,-627.0,106788,3027,86373,1770,7566,11079,105285,177,450,30,26142,3435,1923,16290,3696,4233,5328,0,16179,1019475,62571,9669,49413,6504,8817,237474,75030,169683,36060,144000,11508,1011,936,234,646494,211665,1254,druid,alibaba/druid,28194,Java,2011-11-03T05:12:51Z,2025-09-10T17:41:31Z,2289,https://github.com/alibaba/druid
druid,0.0,0.0,0.0,89160,111900,22740,89160,229356,34026,2367,196182,4034208,2612.337479619,-627.0,-627.0,106788,3027,86373,1770,7566,11079,105285,177,450,30,26142,3435,1923,16290,3696,4233,5328,0,16179,1019475,62571,9669,49413,6504,8817,237474,75030,169683,36060,144000,11508,1011,936,234,646494,211665,1254,druid,apache/druid,13824,Java,2012-10-23T19:08:07Z,2025-09-10T20:42:00Z,746,https://github.com/apache/druid
dubbo,0.0,0.0,0.0,26523,37335,10792,26543,53086,6309,525,57414,226004,1239.533933379,-320.0,-320.0,29955,3001,19391,2474,1593,6497,27599,177,269,157,10709,2721,1095,7467,451,1696,4586,0,11095,250763,20275,2644,8127,2267,2208,32818,15052,42127,6118,37058,4231,368,652,2172,165210,205993,1756,dubbo,apache/dubbo,41325,Java,2012-06-19T07:56:02Z,2025-09-10T20:34:14Z,919,https://github.com/apache/dubbo
easyexcel,0.0,0.0,0.0,7428,11570,4142,7428,8588,1540,152,10892,35868,253.235248186,-260.0,-260.0,4616,594,3596,614,126,280,4034,10,2,0,2880,906,212,2598,2,68,704,0,2526,41090,2796,460,1844,252,224,4928,4026,6670,1064,6980,764,44,46,90,39996,46672,688,easyexcel,alibaba/easyexcel,33617,Java,2018-02-06T03:14:08Z,2025-09-10T13:27:35Z,570,https://github.com/alibaba/easyexcel
easypermissions,0.0,0.0,0.0,295,364,69,295,347,49,0,349,403,15.7844571,0.0,0.0,248,20,207,21,6,14,227,5,0,2,131,40,8,116,0,7,59,0,101,1705,95,9,26,5,13,68,68,262,16,220,28,3,4,3,1571,2117,0,easypermissions,googlesamples/easypermissions,9917,Java,2015-12-22T18:05:53Z,2025-09-10T21:00:51Z,40,https://github.com/googlesamples/easypermissions
eladmin,0.0,0.0,0.0,4520,6122,1602,4520,3502,656,52,4936,3498,118.98889694,-168.0,-168.0,1916,248,1314,134,6,462,1792,0,0,4,1408,132,46,1338,0,24,444,0,996,16126,1266,240,384,188,68,4550,582,2456,576,3508,370,18,14,112,15070,616,230,eladmin,elunez/eladmin,21778,Java,2018-12-14T08:54:24Z,2025-09-10T18:29:30Z,6,https://github.com/elunez/eladmin
eureka,0.0,0.0,0.0,4366,6816,2450,4366,6249,943,74,7641,13781,167.715769916,-44.0,-44.0,3539,338,2549,362,165,463,3185,14,6,35,1757,617,157,1311,126,163,1249,0,1533,32879,2272,369,1165,289,242,3368,1770,5257,922,4589,624,179,158,43,32029,22364,471,eureka,Netflix/eureka,12620,Java,2012-07-26T22:23:07Z,2025-09-10T11:54:22Z,134,https://github.com/Netflix/eureka
fastjson,0.0,0.0,0.0,23440,27708,4268,23440,68366,19036,214,39828,1595938,1517.4949631,-2794.0,-2794.0,42878,1260,40882,616,732,648,42354,82,416,0,32460,1514,17452,13128,350,1530,1774,0,7432,412992,21224,3178,11418,2076,4710,38732,31144,69766,9190,70326,3172,1038,5384,0,203504,156960,20,fastjson,alibaba/fastjson,25755,Java,2011-11-03T06:58:52Z,2025-09-10T17:39:27Z,2112,https://github.com/alibaba/fastjson
feign,0.0,0.0,0.0,6404,8707,2294,6413,6467,2098,128,9351,16543,168.967319045,-198.0,-198.0,4577,270,1770,325,297,2185,4259,57,17,8,1159,152,102,798,38,221,629,0,3273,37446,2196,219,693,232,213,7641,1767,5292,776,5345,586,109,679,553,31330,32815,4,feign,OpenFeign/feign,9734,Java,2013-06-26T23:28:16Z,2025-09-10T21:02:01Z,262,https://github.com/OpenFeign/feign
flink-learning,0.0,0.0,0.0,2534,3150,616,2534,2407,669,21,4968,1954,103.740658346,-91.0,-91.0,1362,387,1103,149,24,86,1217,4,0,1,1070,461,328,682,18,42,608,0,871,14454,813,157,280,107,56,3006,916,2504,467,2599,371,156,44,134,18086,8907,194,flink-learning,zhisheng17/flink-learning,14923,Java,2019-01-01T07:38:28Z,2025-09-10T01:58:50Z,1,https://github.com/zhisheng17/flink-learning
fresco,0.0,0.0,0.0,7013,9220,2197,7023,9667,1496,84,9617,30344,285.706842515,-42.0,-42.0,6174,696,4436,968,326,444,5214,40,3,249,2777,617,455,2072,70,180,1437,0,2125,50440,3107,289,1407,231,345,1569,7451,7273,973,6135,713,250,211,47,46215,33689,3,fresco,facebook/fresco,17138,Java,2015-03-02T09:58:04Z,2025-09-10T22:48:17Z,251,https://github.com/facebook/fresco
glide,0.0,0.0,0.0,18186,23892,5652,18240,22516,3764,70,22256,60576,675.4155819279999,-150.0,-150.0,15410,1260,11344,1842,248,1976,13584,42,152,336,6086,1460,314,4956,88,728,3664,0,5636,122052,6984,974,2592,770,716,8720,12158,18828,3344,16272,1676,804,858,174,116008,74738,28,glide,bumptech/glide,34951,Java,2013-07-08T22:52:33Z,2025-09-10T18:04:31Z,605,https://github.com/bumptech/glide
glide-transformations,0.0,0.0,0.0,150,194,44,150,216,58,20,213,75,12.27925718,-2.0,-2.0,147,3,118,17,11,1,131,4,1,0,73,44,0,73,0,0,69,0,18,991,79,7,34,2,72,68,188,291,228,174,10,0,2,0,1375,1067,0,glide-transformations,wasabeef/glide-transformations,9929,Java,2015-01-09T10:33:29Z,2025-09-10T21:00:49Z,56,https://github.com/wasabeef/glide-transformations
greenDAO,0.0,0.0,0.0,1827,3092,1265,1827,3939,765,45,3361,17273,106.597597886,-31.0,-31.0,2510,137,2025,99,277,109,2412,16,102,16,806,176,164,521,48,73,380,0,346,18545,1228,207,646,130,128,1572,2094,3139,845,2627,249,76,61,8,12671,21197,0,greenDAO,greenrobot/greenDAO,12628,Java,2011-10-22T16:15:14Z,2025-09-10T21:00:47Z,236,https://github.com/greenrobot/greenDAO
grpc-java,0.0,0.0,0.0,30789,38713,7818,30895,36087,7673,314,49344,74066,1062.64390129,-340.0,-340.0,23198,2382,16209,2862,1088,3039,20362,572,385,207,10373,2536,774,8067,119,1413,6645,0,13788,257827,10960,1662,4604,1769,1109,26791,22730,38305,4229,33679,3125,1828,2144,879,201176,348210,159,grpc-java,grpc/grpc-java,11837,Java,2014-12-08T19:00:00Z,2025-09-10T18:32:32Z,517,https://github.com/grpc/grpc-java
gson,0.0,0.0,0.0,6508,9948,3440,6508,10378,2758,20,10470,44328,204.500345336,-782.0,-782.0,6520,506,5322,664,20,514,5872,44,74,0,2098,484,270,952,2,874,1076,0,3566,68898,2800,522,1508,212,420,12064,4746,12732,1632,11414,696,736,924,1190,53140,43106,0,gson,google/gson,24025,Java,2015-03-19T18:21:20Z,2025-09-10T23:43:01Z,324,https://github.com/google/gson
guava,0.0,0.0,0.0,77952,110088,25149,84939,129933,34746,2088,126213,927513,2470.006061838,-3315.0,-3315.0,90102,11967,61797,7377,5253,15675,82881,1578,2229,102,15711,6204,1284,9000,93,5334,11619,0,56775,762621,51045,11850,10527,4158,6270,71100,183693,90627,16062,81714,9225,7914,6456,8589,610542,1378287,3,guava,google/guava,51091,Java,2014-05-29T16:23:17Z,2025-09-10T21:19:22Z,719,https://github.com/google/guava
guice,0.0,0.0,0.0,14757,21811,7054,14757,11940,5060,318,16110,32803,305.816518067,-879.0,-879.0,8408,707,4552,641,1332,1883,7777,61,145,9,2275,454,64,1371,48,792,1296,0,6298,84679,3904,495,1092,721,393,7499,2428,8731,858,8061,836,1826,1476,236,64303,71180,8,guice,google/guice,12673,Java,2014-05-28T23:18:53Z,2025-09-10T17:39:44Z,357,https://github.com/google/guice
halo,0.0,0.0,0.0,35940,44823,8877,35946,23037,6018,399,68652,32526,1044.907716222,-846.0,-846.0,16587,1518,6963,2154,306,7164,14442,15,3,15,9516,1125,747,6924,75,1770,4329,0,9147,156858,12063,432,1986,627,276,33078,5343,23823,1554,34731,2733,141,1197,8526,157410,73812,738,halo,halo-dev/halo,36863,Java,2018-03-21T12:56:52Z,2025-09-10T18:29:22Z,299,https://github.com/halo-dev/halo
hello-algo,0.0,0.0,0.0,1209,1836,627,1209,5643,645,0,4227,3036,44.85279288,0.0,0.0,2379,1482,1416,138,0,825,2241,0,0,0,339,36,54,162,0,123,18,0,1338,23121,1764,1416,1020,0,180,2616,8454,6687,3780,4749,924,0,0,18,10488,504,0,hello-algo,krahets/hello-algo,116412,Java,2022-11-04T11:08:34Z,2025-09-10T19:13:22Z,31,https://github.com/krahets/hello-algo
hello-algorithm,0.0,0.0,0.0,6,58,8,50,52,6,0,6,0,0.0,-2.0,-2.0,8,0,4,4,0,0,4,0,0,0,6,0,0,2,0,4,0,0,0,122,14,6,20,0,6,0,16,24,4,20,6,0,0,0,66,2,0,hello-algorithm,geekxh/hello-algorithm,35770,Java,2020-05-29T05:47:09Z,2025-09-10T19:07:21Z,12,https://github.com/geekxh/hello-algorithm
hutool,0.0,0.0,0.0,18649,28067,9418,18649,61616,6781,360,52178,542639,1354.978893452,-696.0,-696.0,35821,11541,31375,1695,538,2213,34250,106,242,118,9033,3150,1130,6363,632,908,5085,0,23607,262778,27955,3185,8865,2194,3799,38601,35836,45667,7688,38247,3957,387,943,1814,152650,129511,285,hutool,chinabugotech/hutool,30062,Java,2014-04-13T07:23:51Z,2025-09-10T18:14:21Z,8,https://github.com/chinabugotech/hutool
incubator-seata,0.0,0.0,0.0,47872,62846,14926,47920,170224,13258,958,73594,3801032,1723.984414652,-358.0,-358.0,53334,2920,42552,2202,1202,7378,51296,106,682,18,12500,4668,1336,8534,600,2030,4890,0,12290,467978,31564,2586,10688,3222,118106,68254,156226,62320,109816,53060,6076,588,1872,3132,258762,214544,2326,incubator-seata,apache/incubator-seata,25797,Java,2018-12-28T08:37:22Z,2025-09-10T10:02:40Z,873,https://github.com/apache/incubator-seata
interview,0.0,0.0,0.0,1343,2185,842,1343,6214,692,2,3417,2274,40.59530261,-38.0,-38.0,1850,450,1345,407,1,97,1443,0,0,2,383,25,3,143,0,237,22,0,446,27259,1861,1485,1634,12,454,1016,9670,8198,3491,5198,1239,0,72,77,22338,744,0,interview,mission-peace/interview,11209,Java,2014-07-20T21:27:31Z,2025-09-10T13:07:10Z,175,https://github.com/mission-peace/interview
interviews,0.0,0.0,0.0,921,1455,258,1197,4587,774,0,2505,225,16.40000007,-12.0,-12.0,1095,246,936,51,0,108,1044,0,0,0,198,45,48,42,0,108,33,0,426,16863,1407,1221,1440,6,306,741,4437,4626,2157,3261,1512,12,9,0,10722,609,0,interviews,kdn251/interviews,64451,Java,2017-02-14T18:19:25Z,2025-09-10T19:12:25Z,116,https://github.com/kdn251/interviews
jadx,0.0,0.0,0.0,38556,58932,20376,38556,85293,14418,1320,92550,278652,1893.198036033,-690.0,-690.0,40149,6063,29061,7881,567,2640,32364,168,78,237,14589,5124,2556,10860,699,474,9747,0,23874,384915,34737,5844,15228,2145,2868,36231,30639,56442,8250,51831,6864,681,2700,3819,226326,231291,2142,jadx,skylot/jadx,45425,Java,2013-03-18T17:08:21Z,2025-09-10T23:19:48Z,399,https://github.com/skylot/jadx
java-design-patterns,0.0,0.0,0.0,19110,29388,10239,19149,18675,6804,438,28260,10458,688.420802832,-405.0,-405.0,14157,1290,6837,1086,420,5814,13098,225,102,72,5682,1365,339,4863,99,381,3204,0,4584,106452,4116,933,918,1050,315,14886,11610,19023,2109,19371,2100,90,312,1971,186927,244146,3528,java-design-patterns,iluwatar/java-design-patterns,92630,Java,2014-08-09T16:45:18Z,2025-09-10T23:13:13Z,163,https://github.com/iluwatar/java-design-patterns
java8-tutorial,0.0,0.0,0.0,91,137,46,91,273,88,0,740,344,7.42777788,-1.0,-1.0,216,179,97,99,1,19,117,0,0,1,37,18,3,21,0,13,7,0,332,2081,73,9,7,38,1,426,277,382,92,555,53,3,17,184,1427,166,0,java8-tutorial,winterbe/java8-tutorial,16779,Java,2014-03-16T17:25:43Z,2025-09-10T18:34:57Z,19,https://github.com/winterbe/java8-tutorial
javapoet,0.0,0.0,0.0,447,694,247,447,1467,114,7,1666,12800,26.73218586,-28.0,-28.0,857,93,697,70,17,73,787,5,6,1,214,32,95,104,0,15,184,0,1531,7543,492,100,182,97,43,3786,256,1137,253,993,81,12,48,7,4573,7133,0,javapoet,square/javapoet,10871,Java,2013-02-01T16:56:30Z,2025-09-10T12:02:36Z,143,https://github.com/square/javapoet
jd-gui,0.0,0.0,0.0,1847,2923,1076,1847,3623,984,110,4275,4524,98.505934582,-4.0,-4.0,1596,91,1230,13,204,149,1592,3,3,0,693,198,46,20,592,35,196,0,976,19309,970,297,804,147,459,1517,1144,3040,558,2576,541,66,119,123,11794,14440,0,jd-gui,java-decompiler/jd-gui,14729,Java,2015-03-25T05:28:41Z,2025-09-10T21:12:35Z,241,https://github.com/java-decompiler/jd-gui
jedis,0.0,0.0,0.0,6762,9978,3216,6762,18680,1734,246,18942,647584,290.584349545,-41.0,-41.0,15106,454,12017,434,210,2445,14708,37,1078,15,2578,802,373,1624,317,264,1554,0,4391,109769,6936,687,1242,1011,344,31700,21951,23180,1402,21615,918,286,116,608,59510,58040,198,jedis,redis/jedis,12149,Java,2010-06-11T13:04:43Z,2025-09-10T12:45:08Z,139,https://github.com/redis/jedis
jenkins,0.0,0.0,0.0,51258,63096,11682,51414,66352,15580,1814,82128,379832,1811.31589109,-602.0,-602.0,39212,3706,23078,3796,2522,9816,35554,730,574,634,10588,3372,2010,7440,248,890,5866,0,15192,373234,25828,4204,9152,3844,1826,66708,16952,51788,9174,46614,6614,1068,3550,2472,376124,824590,248,jenkins,jenkinsci/jenkins,24410,Java,2010-11-22T21:21:23Z,2025-09-10T21:59:18Z,88,https://github.com/jenkinsci/jenkins
jib,0.0,0.0,0.0,4972,7628,2646,4982,6194,860,22,11464,12018,213.863637609,-69.0,-69.0,4249,487,3227,501,15,506,3749,1,0,2,1918,421,215,1655,3,45,1143,0,5812,35271,2175,198,546,533,111,12084,1820,6435,976,6980,548,14,126,572,38225,4528,193,jib,GoogleContainerTools/jib,14012,Java,2018-01-22T18:30:43Z,2025-09-10T10:29:52Z,231,https://github.com/GoogleContainerTools/jib
jjwt,0.0,0.0,0.0,3121,5533,2412,3121,3995,1107,71,3467,14338,126.707278955,-43.0,-43.0,2390,424,1461,198,209,522,2203,23,36,5,854,475,138,504,48,164,754,0,1778,16052,1829,151,511,107,231,1981,1044,2796,562,2406,265,78,69,0,27856,39920,0,jjwt,jwtk/jjwt,10843,Java,2014-09-13T01:06:24Z,2025-09-10T21:00:48Z,41,https://github.com/jwtk/jjwt
jmeter,0.0,0.0,0.0,9445,13484,4039,9445,25329,3436,441,31071,106780,781.147312746,-80.0,-80.0,13610,1643,9815,2246,738,811,11510,85,228,101,7564,4100,846,6291,235,192,5205,0,6425,127364,7290,1354,3267,1203,976,21325,9371,24759,3075,20404,2160,79,245,463,115030,90313,2191,jmeter,apache/jmeter,8988,Java,2010-05-26T23:38:07Z,2025-09-10T14:16:38Z,949,https://github.com/apache/jmeter
jna,0.0,0.0,0.0,11528,16496,4968,11528,15481,5990,1575,12539,106278,586.535163039,-587.0,-587.0,8719,956,5967,405,463,1884,8427,13,117,31,15991,3854,7293,914,26,7758,3914,0,9924,106804,3352,811,2479,761,1131,11092,21473,24677,3202,24587,1007,284,1508,3,117460,78460,11,jna,java-native-access/jna,8798,Java,2011-04-29T13:30:29Z,2025-09-10T18:59:44Z,112,https://github.com/java-native-access/jna
jsoup,0.0,0.0,0.0,2573,4279,1706,2573,7112,737,134,6915,97954,83.36789928,-9.0,-9.0,3779,389,2293,241,106,1139,3557,29,40,1,657,309,78,338,7,234,409,0,4096,38014,2098,468,827,152,214,10362,2691,7512,558,6755,487,113,125,168,28411,19376,186,jsoup,jhy/jsoup,11243,Java,2009-12-19T01:29:58Z,2025-09-08T15:28:12Z,4,https://github.com/jhy/jsoup
jvm,0.0,0.0,0.0,0,0,0,0,1,1,0,1,0,0.0,0.0,0.0,1,1,1,0,0,0,1,0,0,0,0,0,0,0,0,0,0,0,0,5,0,0,0,0,0,1,0,0,0,0,0,0,0,0,4,1,0,jvm,doocs/jvm,10969,Java,2018-06-23T01:12:59Z,2025-09-10T18:12:36Z,12,https://github.com/doocs/jvm
kafka,0.0,0.0,0.0,131958,176476,44484,131992,221532,24326,2044,297804,1069182,5232.61195623,-706.0,-706.0,133542,11254,95468,20080,2684,15310,114090,684,352,1910,55856,18284,8576,42766,968,3546,43236,0,151916,1349714,72440,14060,27772,13050,6962,245456,244648,270204,45246,267784,16292,1748,4594,32956,995384,519596,10520,kafka,apache/kafka,30868,Java,2011-08-15T18:06:16Z,2025-09-10T18:47:18Z,251,https://github.com/apache/kafka
kafka-ui,0.0,0.0,0.0,3716,4842,1126,3716,3458,775,115,8473,8790,137.393992912,-76.0,-76.0,2414,301,1315,524,59,516,1896,5,0,8,1243,255,45,763,185,250,676,0,2153,18139,1846,75,343,108,88,4022,1397,2627,401,4083,310,22,85,1168,17859,17365,158,kafka-ui,provectus/kafka-ui,11266,Java,2019-11-26T15:55:55Z,2025-09-10T20:32:25Z,343,https://github.com/provectus/kafka-ui
kestra,0.0,0.0,0.0,31498,37236,5738,31498,26000,5570,594,54098,57390,854.691172382,-740.0,-740.0,15052,1634,7058,1690,1040,5264,13406,258,2,30,8016,1322,674,5004,840,1498,2616,0,13544,132748,10146,470,4220,1536,1222,42504,8466,25004,3394,31652,2626,120,626,5550,128972,278434,892,kestra,kestra-io/kestra,21075,Java,2019-08-24T13:56:15Z,2025-09-10T23:22:51Z,453,https://github.com/kestra-io/kestra
kkFileView,0.0,0.0,0.0,569,823,254,569,1448,86,2,1406,13717,29.2500143,0.0,0.0,623,204,538,39,1,45,590,0,0,2,401,231,103,255,0,43,194,0,486,9418,430,85,128,82,101,1097,10824,4907,414,1202,117,0,3,14,3685,100,63,kkFileView,kekingcn/kkFileView,13304,Java,2017-12-12T11:41:08Z,2025-09-10T18:29:19Z,350,https://github.com/kekingcn/kkFileView
languagetool,0.0,0.0,0.0,14027,19375,5307,14068,42481,4146,314,35792,143807,775.346376172,-94.0,-94.0,15824,1820,10674,2631,1282,1237,13324,158,514,46,7223,3660,602,5701,457,463,5108,0,15234,212987,15323,2912,6054,869,2496,72845,23952,34641,8662,26110,3288,154,430,964,141198,95300,180,languagetool,languagetool-org/languagetool,13555,Java,2013-08-08T16:37:22Z,2025-09-10T18:47:21Z,2029,https://github.com/languagetool-org/languagetool
lawnchair,0.0,0.0,0.0,33536,42621,9063,33558,53952,5150,364,54819,315576,1095.908509824,-126.0,-126.0,25420,1864,15689,3969,1704,4058,21456,223,105,72,15576,4585,2866,10891,657,1162,8913,0,9733,248520,14990,1654,11323,945,3706,10546,21886,45046,10933,37520,3257,789,873,2799,213314,130376,0,lawnchair,LawnchairLauncher/lawnchair,11034,Java,2017-03-03T13:12:58Z,2025-09-10T22:54:56Z,498,https://github.com/LawnchairLauncher/lawnchair
leetcode,0.0,0.0,0.0,842,1366,228,1138,2280,330,2,1392,110,80.2588896,0.0,0.0,1094,32,980,72,0,42,1022,0,0,2,702,8,2,620,0,80,72,0,64,8828,688,354,308,0,106,54,1836,2070,804,1690,412,0,12,74,4654,236,0,leetcode,doocs/leetcode,34921,Java,2018-09-16T14:03:03Z,2025-09-10T23:04:14Z,0,https://github.com/doocs/leetcode
litemall,0.0,0.0,0.0,5698,7664,1966,5698,29244,1390,10,10776,1891580,520.425643932,-20.0,-20.0,23694,384,21136,144,798,1616,23552,0,2,2,3880,642,438,3094,314,34,1202,0,2410,181768,20650,362,3990,138,2362,31694,5066,9118,2358,7870,868,10,566,44,46780,74888,206,litemall,linlinjava/litemall,19904,Java,2018-03-22T16:42:30Z,2025-09-10T19:08:27Z,42,https://github.com/linlinjava/litemall
logger,0.0,0.0,0.0,105,150,45,105,181,21,0,165,269,5.62654934,0.0,0.0,104,23,58,21,1,24,83,0,0,2,49,24,6,33,0,10,39,0,77,827,65,8,26,4,0,75,28,122,17,95,16,1,3,0,922,85,0,logger,orhanobut/logger,13891,Java,2015-03-20T22:30:12Z,2025-09-10T13:42:35Z,81,https://github.com/orhanobut/logger
logstash,0.0,0.0,0.0,4646,6651,2005,4646,7378,1414,125,9378,18165,302.25552962,-37.0,-37.0,4855,737,3396,729,218,512,4140,70,77,24,1870,784,331,1389,45,105,1325,0,3840,40405,2886,383,622,467,366,6282,3357,7210,807,6906,642,27,258,562,36641,48099,194,logstash,elastic/logstash,14627,Java,2010-11-18T01:31:50Z,2025-09-09T19:17:15Z,2238,https://github.com/elastic/logstash
lottie-android,0.0,0.0,0.0,4042,6518,2476,4042,8830,754,38,6290,19580,186.52747652,-38.0,-38.0,3554,422,2620,492,42,400,3070,34,22,12,1992,330,130,1612,16,234,1224,0,2032,35780,2532,498,2482,92,580,1898,4486,7294,1824,5198,628,60,80,98,26200,19738,28,lottie-android,airbnb/lottie-android,35469,Java,2016-10-06T22:42:42Z,2025-09-10T21:00:53Z,40,https://github.com/airbnb/lottie-android
mall,0.0,0.0,0.0,8970,11751,2781,8970,45807,2826,36,11121,2532633,812.33178495,-189.0,-189.0,42519,78,36087,219,2550,3663,42300,3,0,0,6783,297,0,5871,912,0,312,0,1068,302709,33597,270,1644,54,48,57189,2085,10902,801,10827,1089,18,693,72,58416,245016,99,mall,macrozheng/mall,81545,Java,2018-04-04T01:11:44Z,2025-09-10T20:23:08Z,12,https://github.com/macrozheng/mall
mall-learning,0.0,0.0,0.0,1238,1602,319,1283,2402,275,75,1402,57148,68.28997309,-29.0,-29.0,2211,53,1773,44,105,289,2167,0,0,0,614,73,2,576,36,0,70,0,121,14384,1563,30,75,16,1,2907,225,915,65,1081,101,4,30,18,5600,9723,115,mall-learning,macrozheng/mall-learning,13249,Java,2019-04-12T13:20:31Z,2025-09-10T18:29:35Z,5,https://github.com/macrozheng/mall-learning
mall-swarm,0.0,0.0,0.0,2894,3775,881,2894,15519,941,10,3711,845159,275.82912141,-54.0,-54.0,14486,252,12357,63,849,1217,14423,0,0,0,2241,101,5,1921,304,11,99,0,349,101603,11331,85,520,10,13,18999,668,3631,249,3544,356,3,231,60,19595,80658,28,mall-swarm,macrozheng/mall-swarm,12599,Java,2019-11-25T06:55:31Z,2025-09-10T18:29:43Z,9,https://github.com/macrozheng/mall-swarm
material-components-android,0.0,0.0,0.0,14680,17895,3207,14688,24101,3168,306,22862,189362,462.35522106,-42.0,-42.0,13729,1275,9075,2304,578,1772,11441,148,73,4,5289,1430,537,4068,36,648,2780,0,5429,114509,7521,820,4687,68,1725,2853,15190,19269,4831,16540,1284,732,400,761,95167,120513,2,material-components-android,material-components/material-components-android,16947,Java,2016-12-05T16:11:29Z,2025-09-10T16:59:42Z,762,https://github.com/material-components/material-components-android
matrix,0.0,0.0,0.0,7913,10147,2234,7913,13153,1871,119,12113,17962,347.663024252,-60.0,-60.0,5552,1000,4037,693,221,601,4879,22,21,68,3326,1312,1143,1526,72,585,1617,0,5420,79032,3640,1296,2228,563,1119,6666,7103,13275,3313,10048,1623,550,356,0,40502,31158,0,matrix,Tencent/matrix,11902,Java,2018-12-11T07:08:02Z,2025-09-10T13:09:28Z,399,https://github.com/Tencent/matrix
metersphere,0.0,0.0,0.0,24735,30127,5392,24735,47009,4808,256,42915,1651953,945.704941698,-1160.0,-1160.0,34451,1184,27397,1922,1856,3276,32881,45,0,12,14785,2880,1281,12329,739,436,3428,0,6366,322032,26652,1198,3235,624,304,66959,8110,32203,3225,37496,2310,333,670,1850,111335,208842,609,metersphere,metersphere/metersphere,12451,Java,2020-02-03T02:06:12Z,2025-09-10T15:12:50Z,94,https://github.com/metersphere/metersphere
miaosha,0.0,0.0,0.0,2372,3280,908,2372,3370,644,64,2692,8180,156.16004638,-110.0,-110.0,2330,300,1926,96,74,234,2242,0,4,10,1628,394,294,1180,12,142,328,0,572,17162,1688,74,392,284,110,2054,1376,3240,424,3268,236,0,36,0,12046,8816,260,miaosha,qiurunze123/miaosha,26505,Java,2018-09-14T04:36:24Z,2025-09-10T18:37:41Z,4,https://github.com/qiurunze123/miaosha
mit-deep-learning-book-pdf,0.0,0.0,0.0,0,0,0,0,0,1,0,0,0,0.0,-1.0,-1.0,0,0,0,0,0,0,0,0,0,0,0,0,0,0,0,0,0,0,0,2,0,0,0,0,0,0,0,0,0,0,0,0,0,0,3,1,0,mit-deep-learning-book-pdf,janishar/mit-deep-learning-book-pdf,13582,Java,2017-04-07T10:46:50Z,2025-09-10T10:39:46Z,12,https://github.com/janishar/mit-deep-learning-book-pdf
mockito,0.0,0.0,0.0,7292,9780,2488,7292,9373,2941,130,10802,38491,273.348355837,-321.0,-321.0,6881,733,5211,573,82,1015,6324,46,17,4,1705,228,99,1161,26,419,692,0,3786,52190,2782,340,716,689,218,7583,3747,5362,653,5300,764,288,880,438,56384,57380,0,mockito,mockito/mockito,15274,Java,2012-10-13T20:27:12Z,2025-09-10T21:05:36Z,471,https://github.com/mockito/mockito
mybatis-3,0.0,0.0,0.0,12344,18300,5956,12344,23534,4324,286,24160,73080,780.438972982,-246.0,-246.0,17096,938,9732,1170,294,5900,16286,116,14,2,7190,3268,2160,4528,366,136,4158,0,2816,120868,7152,748,2518,3122,434,19208,9162,23092,1362,21418,1740,402,492,526,89360,68578,236,mybatis-3,mybatis/mybatis-3,20229,Java,2013-02-14T19:03:32Z,2025-09-10T12:58:01Z,202,https://github.com/mybatis/mybatis-3
mybatis-plus,0.0,0.0,0.0,6160,8438,2225,6213,7786,1388,122,9606,26127,192.767054822,-259.0,-259.0,4658,566,2789,337,341,1191,4351,21,26,5,1807,336,48,1508,87,164,636,0,2307,39071,3292,286,898,226,246,10055,2010,6163,1049,6144,628,52,176,809,29654,37991,185,mybatis-plus,baomidou/mybatis-plus,17097,Java,2016-08-18T10:06:53Z,2025-09-10T18:44:58Z,85,https://github.com/baomidou/mybatis-plus
nacos,0.0,0.0,0.0,45786,62504,16718,45786,66310,10332,1070,92410,185576,2261.873576124,-752.0,-752.0,44146,3794,24866,3140,946,15194,41176,276,82,148,19852,6866,2944,14078,384,2446,9314,0,19672,370782,22282,2590,5890,3036,1702,66126,23652,69526,7826,66446,5162,992,758,2884,294254,321582,3322,nacos,alibaba/nacos,32029,Java,2018-06-15T06:49:27Z,2025-09-10T03:11:19Z,266,https://github.com/alibaba/nacos
netty,0.0,0.0,0.0,69990,102486,32496,69990,143046,23900,2078,134926,1061052,2951.793339742,-666.0,-666.0,84858,9976,54302,9584,8176,12796,75694,1250,2366,138,23384,9736,3178,16170,340,3696,16380,0,38424,763764,47416,7004,18996,7534,40956,52908,164320,104910,66318,85822,10898,6820,2414,712,546566,662458,1884,netty,netty/netty,34420,Java,2010-11-09T09:22:21Z,2025-09-10T21:20:54Z,655,https://github.com/netty/netty
newbee-mall,0.0,0.0,0.0,448,701,253,448,1159,95,0,759,3107,31.22755821,-1.0,-1.0,727,32,564,4,0,159,723,0,0,0,247,23,15,231,0,1,22,0,274,3935,533,27,131,7,7,776,192,596,53,560,76,0,1,4,2653,1121,0,newbee-mall,newbee-ltd/newbee-mall,11391,Java,2019-09-21T03:56:04Z,2025-09-10T18:29:41Z,7,https://github.com/newbee-ltd/newbee-mall
okhttp-OkGo,0.0,0.0,0.0,2040,3107,1067,2040,2809,586,48,2970,7020,66.50219531,-19.0,-19.0,1613,216,1314,96,110,93,1517,12,2,27,693,189,180,350,46,117,217,0,643,13418,818,152,550,112,130,1184,618,1902,405,1536,246,121,48,0,8019,24000,7,okhttp-OkGo,jeasonlzy/okhttp-OkGo,10603,Java,2016-01-15T10:35:24Z,2025-09-06T10:17:42Z,469,https://github.com/jeasonlzy/okhttp-OkGo
onedev,0.0,0.0,0.0,47924,60219,12295,47924,55221,11582,869,70118,213708,1859.589560552,-152.0,-152.0,28254,1456,17921,2488,6369,1476,25796,581,289,20,9158,3309,841,7951,101,265,6035,0,6603,329882,18994,4781,9789,1513,1307,99439,10910,37981,4850,33147,6516,4466,289,1482,223460,416141,649,onedev,theonedev/onedev,14245,Java,2018-11-06T02:57:01Z,2025-09-10T20:41:12Z,0,https://github.com/theonedev/onedev
paascloud-master,0.0,0.0,0.0,4529,6022,1465,4557,3222,976,73,4225,4049,117.58349191,-245.0,-245.0,2012,216,1261,163,33,555,1851,2,2,2,2119,356,87,1932,11,89,375,0,496,16428,1164,169,396,89,31,3520,797,2694,145,3918,316,8,34,19,21155,5165,525,paascloud-master,paascloud/paascloud-master,9894,Java,2018-03-17T05:40:43Z,2025-09-10T18:42:10Z,105,https://github.com/paascloud/paascloud-master
piggymetrics,0.0,0.0,0.0,598,806,208,598,339,105,0,705,379,22.51170671,-3.0,-3.0,304,13,262,12,3,27,292,0,0,0,154,11,1,151,2,0,27,0,48,1881,124,2,17,4,1,295,112,292,19,354,12,0,2,12,2058,113,19,piggymetrics,sqshq/piggymetrics,13685,Java,2015-03-29T17:56:31Z,2025-09-10T13:29:57Z,21,https://github.com/sqshq/piggymetrics
pkl,0.0,0.0,0.0,10240,15534,5294,10240,12826,7126,1523,12045,46922,244.946854471,-201.0,-201.0,7229,831,4185,981,1528,535,6289,176,168,5,2095,597,278,1529,90,198,1572,0,3885,62578,6018,683,2215,315,350,3984,4015,7433,807,6601,1107,33,962,366,42356,710109,27,pkl,apple/pkl,10848,Java,2024-01-19T17:28:45Z,2025-09-10T22:51:17Z,182,https://github.com/apple/pkl
plantuml,0.0,0.0,0.0,28073,41360,13287,28073,47427,6070,946,45937,143667,1065.53198891,-265.0,-265.0,22163,3576,15763,3967,1173,1260,18245,109,1480,80,8501,1926,1497,6360,172,472,6187,0,11023,186971,19323,3997,11800,1051,4852,31769,42785,44577,16914,33439,3984,346,248,214,146387,137804,400,plantuml,plantuml/plantuml,12052,Java,2010-11-04T15:55:50Z,2025-09-10T23:15:26Z,540,https://github.com/plantuml/plantuml
proxyee-down,0.0,0.0,0.0,662,900,238,662,1386,176,0,2062,2342,45.67280602,-4.0,-4.0,636,168,522,90,18,6,552,0,0,10,498,112,78,216,0,204,90,0,584,6784,458,92,276,96,64,1032,500,1414,190,1330,206,14,22,84,4270,212,30,proxyee-down,proxyee-down-org/proxyee-down,24868,Java,2017-10-25T10:07:27Z,2025-09-10T18:12:34Z,214,https://github.com/proxyee-down-org/proxyee-down
pulsar,0.0,0.0,0.0,50901,64960,14042,50918,86083,12635,2188,132781,631876,1614.518367231,-952.0,-952.0,42899,2968,28531,4344,3320,6704,38714,235,356,523,19468,3772,1888,14066,1509,2005,8449,0,24453,521162,25012,6790,12457,6937,3632,96428,64819,100642,18061,100532,6682,1401,1977,13294,347295,246408,9200,pulsar,apache/pulsar,14840,Java,2016-06-28T07:00:03Z,2025-09-10T18:51:14Z,1584,https://github.com/apache/pulsar
react-native-image-picker,0.0,0.0,0.0,68,80,12,68,187,17,2,179,728,3.65364803,-1.0,-1.0,71,38,38,4,1,28,67,3,0,0,37,11,10,4,3,20,6,0,87,811,87,4,37,18,11,98,52,183,14,146,14,0,0,3,495,1033,0,react-native-image-picker,react-native-image-picker/react-native-image-picker,8589,Java,2015-06-08T20:25:31Z,2025-09-06T19:11:31Z,324,https://github.com/react-native-image-picker/react-native-image-picker
realm-java,0.0,0.0,0.0,8209,11907,3698,8209,21287,2319,135,15681,98943,290.01862905,-163.0,-163.0,10890,1083,8434,1102,388,966,9807,142,78,47,3683,1098,1127,2203,60,293,1612,0,2894,110167,5647,1187,3552,977,1445,9301,8823,14999,2090,13350,932,941,250,423,58610,62534,71,realm-java,realm/realm-java,11485,Java,2012-04-20T09:18:42Z,2025-09-10T21:00:47Z,398,https://github.com/realm/realm-java
redisson,0.0,0.0,0.0,33990,46692,12400,34292,71670,7660,1970,61988,1029438,1037.59264516,-382.0,-382.0,48960,866,32298,1704,1958,13000,47298,116,214,16,9210,1914,346,6790,252,1822,4532,0,16394,337608,30620,3098,8908,1778,2310,59632,42552,50770,6364,51038,4332,1284,638,6550,210612,127660,734,redisson,redisson/redisson,24024,Java,2014-01-11T14:06:25Z,2025-09-09T18:35:24Z,314,https://github.com/redisson/redisson
resilience4j,0.0,0.0,0.0,11154,14770,3616,11154,10220,2338,220,17294,30240,316.732609043,-98.0,-98.0,8283,709,6073,711,265,1234,7574,40,8,0,2519,553,185,1917,84,333,1371,0,4995,61840,4316,108,518,396,82,7623,5724,9540,645,10635,720,29,363,2191,52665,55867,274,resilience4j,resilience4j/resilience4j,10359,Java,2015-06-03T09:21:01Z,2025-09-10T14:47:24Z,268,https://github.com/resilience4j/resilience4j
rocketmq,0.0,0.0,0.0,39340,55494,16154,39340,84832,7614,932,106978,696560,1781.067506682,-230.0,-230.0,43682,3106,36438,3482,1280,2482,40304,132,48,248,19278,5382,2822,14170,1690,596,8438,0,20644,430722,28912,5682,13146,4548,2686,39026,44546,84398,14344,71776,6844,910,564,2954,241248,122940,6218,rocketmq,apache/rocketmq,22087,Java,2016-11-30T08:00:08Z,2025-09-10T13:46:45Z,327,https://github.com/apache/rocketmq
ruoyi-vue-pro,0.0,0.0,0.0,59190,75444,16254,59190,36222,9176,428,65314,122096,1133.184387182,-3264.0,-3264.0,23794,1552,14002,2066,336,7390,21740,66,38,4,28574,1208,796,25264,220,2294,2414,0,7230,186886,16506,504,4442,692,320,62434,12240,27078,1642,54846,2496,120,462,5676,225228,65974,1422,ruoyi-vue-pro,YunaiV/ruoyi-vue-pro,33150,Java,2021-01-24T03:18:25Z,2025-09-10T22:01:29Z,5,https://github.com/YunaiV/ruoyi-vue-pro
selenium,0.0,0.0,0.0,22262,31804,9542,22262,30950,5166,398,47436,122378,808.086098826,-254.0,-254.0,20654,1424,11068,1956,790,6840,18718,242,22,44,6674,1644,750,5242,140,542,4658,0,16510,177022,11444,936,2570,2190,1698,43526,9660,32884,3352,34138,3112,580,706,4974,147958,108266,242,selenium,SeleniumHQ/selenium,33156,Java,2013-01-14T21:40:56Z,2025-09-10T23:21:15Z,272,https://github.com/SeleniumHQ/selenium
source-code-hunter,0.0,0.0,0.0,0,0,0,0,2,2,0,2,0,0.0,0.0,0.0,2,2,2,0,0,0,2,0,0,0,0,0,0,0,0,0,0,0,0,10,0,0,0,0,0,2,0,0,0,0,0,0,0,0,8,2,0,source-code-hunter,doocs/source-code-hunter,22944,Java,2019-10-28T01:35:10Z,2025-09-10T21:07:19Z,8,https://github.com/doocs/source-code-hunter
spark,0.0,0.0,0.0,1004,1612,608,1004,2084,287,20,2172,10413,54.150074013,-13.0,-13.0,1360,345,1163,90,41,66,1278,14,11,30,381,199,47,278,23,33,169,0,830,9588,647,79,255,83,84,2110,1032,1546,246,1616,197,14,24,168,10431,19055,62,spark,perwendel/spark,9661,Java,2011-05-05T11:52:05Z,2025-09-10T19:52:49Z,259,https://github.com/perwendel/spark
spider-flow,0.0,0.0,0.0,867,1290,423,867,2104,279,3,1617,3273,51.62798693,-11.0,-11.0,966,279,839,76,3,48,892,7,0,3,358,108,59,292,0,7,136,0,426,8748,936,126,418,102,177,1247,326,1164,180,994,207,1,33,30,5270,5510,145,spider-flow,ssssssss-team/spider-flow,10893,Java,2020-03-27T11:07:15Z,2025-09-10T23:16:02Z,22,https://github.com/ssssssss-team/spider-flow
spring-analysis,0.0,0.0,0.0,80,106,26,80,88,41,2,86,59,3.13333337,0.0,0.0,79,5,76,0,0,3,79,0,0,0,12,0,0,12,0,0,1,0,7,378,26,4,2,0,3,79,9,39,16,35,3,1,1,0,360,1056,0,spring-analysis,seaswalker/spring-analysis,13726,Java,2016-09-09T07:46:32Z,2025-09-10T18:29:08Z,19,https://github.com/seaswalker/spring-analysis
spring-boot,0.0,0.0,0.0,4714,6128,1391,4737,6997,1127,108,11400,19188,240.346802484,-37.0,-37.0,5016,367,1220,1327,177,2292,3704,128,20,4,1396,312,51,1216,6,123,1026,0,1646,39025,2353,285,765,430,283,10362,982,5770,1080,6474,687,23,220,1056,35758,95244,45,spring-boot,spring-projects/spring-boot,78333,Java,2012-10-19T15:02:57Z,2025-09-10T22:41:16Z,603,https://github.com/spring-projects/spring-boot
spring-boot-admin,0.0,0.0,0.0,3602,5024,1422,3602,2233,583,60,5923,3347,102.77287711,-55.0,-55.0,1793,120,778,183,223,609,1614,15,1,0,958,209,39,904,0,15,614,0,1377,13740,969,24,129,26,43,4413,661,2335,209,2791,198,20,112,635,14154,31082,93,spring-boot-admin,codecentric/spring-boot-admin,12683,Java,2014-07-25T11:39:13Z,2025-09-10T18:33:12Z,43,https://github.com/codecentric/spring-boot-admin
spring-boot-api-project-seed,0.0,0.0,0.0,75,91,16,75,102,19,0,147,146,3.23751255,-3.0,-3.0,60,16,40,9,0,11,51,0,0,0,29,21,7,21,1,0,23,0,22,484,30,2,12,5,1,108,16,83,25,75,7,2,0,0,384,2075,4,spring-boot-api-project-seed,lihengming/spring-boot-api-project-seed,9685,Java,2017-06-23T10:06:30Z,2025-09-10T18:45:09Z,112,https://github.com/lihengming/spring-boot-api-project-seed
spring-boot-demo,0.0,0.0,0.0,4870,5914,1044,4870,2666,1090,56,4640,2238,84.24876948,-210.0,-210.0,1994,286,1626,124,40,204,1876,0,0,14,1406,136,40,1254,4,108,244,0,428,14326,978,66,98,84,108,3388,1070,2164,348,3032,240,8,12,184,17608,5234,450,spring-boot-demo,xkcoding/spring-boot-demo,33897,Java,2017-11-10T06:27:29Z,2025-09-10T17:06:44Z,142,https://github.com/xkcoding/spring-boot-demo
spring-boot-examples,0.0,0.0,0.0,2902,3692,536,3156,1950,630,8,1956,3090,73.07420236,-30.0,-30.0,1764,132,1540,28,20,176,1740,0,0,0,546,46,0,528,2,16,38,0,40,8922,744,38,50,40,36,2384,262,1072,262,1130,106,8,8,10,7534,632,82,spring-boot-examples,ityouknow/spring-boot-examples,30596,Java,2016-11-05T05:32:33Z,2025-09-10T18:14:31Z,17,https://github.com/ityouknow/spring-boot-examples
spring-framework,0.0,0.0,0.0,95714,122536,26816,95720,136139,27015,2297,148649,541130,3274.283511061,-2645.0,-2645.0,90093,5218,42776,7551,6985,32781,82721,646,985,57,23651,5024,2049,18894,642,2066,12610,0,24156,751567,44271,4367,18145,3433,7913,127523,36272,109513,10723,102243,9276,1306,8436,10664,757171,1064829,2213,spring-framework,spring-projects/spring-framework,58819,Java,2010-12-08T04:04:45Z,2025-09-10T18:14:16Z,317,https://github.com/spring-projects/spring-framework
spring-reading,0.0,0.0,0.0,816,1179,250,929,478,298,14,947,157,4.28095242,-35.0,-35.0,380,169,338,26,1,15,355,0,0,0,50,4,0,50,0,0,12,0,67,3078,110,29,14,22,13,729,36,640,298,638,66,3,2,3,3826,2365,0,spring-reading,xuchengsheng/spring-reading,9697,Java,2023-09-15T06:42:44Z,2025-09-10T18:52:38Z,36,https://github.com/xuchengsheng/spring-reading
spring-security,0.0,0.0,0.0,51672,65258,13584,51674,43583,8478,424,74871,70388,1620.970226693,-307.0,-307.0,33164,2209,21811,4357,774,6222,28898,88,349,10,12345,3412,790,10166,144,1245,5991,0,11837,272450,15500,977,4124,788,1333,47554,7721,48449,3008,49653,2973,275,2670,8236,296479,229306,969,spring-security,spring-projects/spring-security,9290,Java,2012-01-10T21:50:57Z,2025-09-10T17:01:15Z,1130,https://github.com/spring-projects/spring-security
springboot-learning-example,0.0,0.0,0.0,526,723,141,582,389,119,11,408,325,19.03040082,-7.0,-7.0,379,15,313,6,1,59,373,0,0,0,137,28,0,118,0,19,25,0,7,1641,204,1,1,1,0,368,52,196,32,221,8,2,0,3,1988,110,20,springboot-learning-example,JeffLi1993/springboot-learning-example,16557,Java,2017-02-06T07:02:25Z,2025-09-10T18:45:08Z,54,https://github.com/JeffLi1993/springboot-learning-example
stetho,0.0,0.0,0.0,2575,3665,1090,2575,3306,837,43,3096,4408,107.93958091,-116.0,-116.0,1861,264,1226,336,91,208,1532,32,35,48,1036,164,379,618,4,35,527,0,816,19241,1031,182,556,150,129,1093,637,2619,283,2367,378,69,264,0,17999,24663,0,stetho,facebook/stetho,12710,Java,2015-01-22T22:34:10Z,2025-09-10T21:00:49Z,83,https://github.com/facebook/stetho
storm,0.0,0.0,0.0,3766,5403,1637,3766,11297,1096,53,7434,28143,256.380043956,-38.0,-38.0,5740,431,4947,298,102,393,5598,4,1,8,1922,728,460,918,9,535,861,0,876,60552,4077,626,1834,284,437,2093,1731,6236,486,4633,763,90,311,0,32268,20591,59,storm,nathanmarz/storm,8811,Java,2011-09-17T07:55:13Z,2025-08-31T18:39:48Z,41,https://github.com/nathanmarz/storm
storm,0.0,0.0,0.0,3766,5403,1637,3766,11297,1096,53,7434,28143,256.380043956,-38.0,-38.0,5740,431,4947,298,102,393,5598,4,1,8,1922,728,460,918,9,535,861,0,876,60552,4077,626,1834,284,437,2093,1731,6236,486,4633,763,90,311,0,32268,20591,59,storm,apache/storm,6651,Java,2013-11-05T08:00:14Z,2025-09-04T18:51:08Z,48,https://github.com/apache/storm
supertokens-core,0.0,0.0,0.0,10713,15372,4659,10713,16864,1555,179,18953,69294,567.3217414,-38.0,-38.0,6237,1856,5023,735,329,150,5510,12,1,28,1609,441,926,539,3,141,626,0,20152,107469,4696,1431,4211,2136,1681,39227,12838,22945,2539,21511,1571,109,145,838,53093,15125,281,supertokens-core,supertokens/supertokens-core,14496,Java,2020-01-05T13:30:52Z,2025-09-10T20:45:10Z,142,https://github.com/supertokens/supertokens-core
tech-interview-for-developer,0.0,0.0,0.0,17,25,8,17,118,13,0,53,12,1.84285719,0.0,0.0,39,14,32,1,0,6,38,0,0,0,16,5,1,5,0,10,0,0,17,636,24,25,29,0,9,13,151,138,84,84,23,0,4,0,188,34,0,tech-interview-for-developer,gyoogle/tech-interview-for-developer,16497,Java,2019-06-09T04:42:57Z,2025-09-10T17:20:43Z,16,https://github.com/gyoogle/tech-interview-for-developer
termux-app,0.0,0.0,0.0,5694,8511,2817,5694,19935,1377,120,13803,58575,311.1805326,-117.0,-117.0,6846,2190,5700,669,105,372,6225,33,9,312,4425,2865,2454,1401,180,390,3375,0,9174,73686,6978,693,5250,549,1515,15837,14637,14232,4842,10818,1392,126,210,171,69570,25590,0,termux-app,termux/termux-app,44944,Java,2015-10-23T09:42:46Z,2025-09-10T22:09:54Z,465,https://github.com/termux/termux-app
testing-samples,0.0,0.0,0.0,473,557,84,473,343,116,0,691,271,22.54146849,-6.0,-6.0,269,26,194,29,34,12,241,0,3,0,148,53,25,107,6,10,72,0,68,1849,74,7,31,9,6,184,114,300,25,284,31,12,7,0,3942,84,0,testing-samples,android/testing-samples,9276,Java,2014-10-11T03:51:27Z,2025-09-04T02:20:42Z,129,https://github.com/android/testing-samples
tink,0.0,0.0,0.0,11231,14993,3762,11231,13795,1888,122,20902,44061,492.685605378,-41.0,-41.0,9012,1984,7025,1542,16,429,7479,53,151,125,3378,1919,774,2210,10,384,2722,0,9012,82161,4167,769,1353,481,932,15769,18795,21555,4007,19546,1010,86,418,1875,81397,55797,1,tink,tink-crypto/tink,13556,Java,2014-06-06T16:21:09Z,2025-09-10T12:59:25Z,0,https://github.com/tink-crypto/tink
tinker,0.0,0.0,0.0,2493,3867,1373,2494,8928,834,44,5551,14805,155.578081576,-117.0,-117.0,2836,804,1962,446,291,137,2397,47,29,10,2621,1450,1435,838,82,266,1781,0,2737,40448,2823,618,1896,413,729,3094,4028,8581,1524,6480,627,52,171,4,24592,24192,0,tinker,Tencent/tinker,17537,Java,2016-09-06T06:57:52Z,2025-09-10T21:00:53Z,549,https://github.com/Tencent/tinker
tutorials,0.0,0.0,0.0,293913,371520,75048,296472,298545,79401,1842,439056,426069,12426.794202234,-5766.0,-5766.0,237072,24693,185364,12822,2898,35988,225204,516,2358,120,85056,19824,5298,70701,747,8310,25578,0,88260,1578369,102108,12405,21864,10011,9249,327216,176340,302676,38352,311940,25596,2490,3273,24864,1538172,787929,11625,tutorials,eugenp/tutorials,37254,Java,2013-04-29T18:26:36Z,2025-09-10T15:50:31Z,29,https://github.com/eugenp/tutorials
uCrop,0.0,0.0,0.0,488,631,143,488,978,105,4,1063,2226,21.08050452,0.0,0.0,481,38,330,94,37,20,391,0,0,0,321,119,78,228,12,3,165,0,151,4707,210,22,215,24,125,179,453,928,333,735,72,27,15,5,3802,103,0,uCrop,Yalantis/uCrop,12039,Java,2016-01-05T13:41:06Z,2025-09-10T21:00:52Z,307,https://github.com/Yalantis/uCrop
vhr,0.0,0.0,0.0,834,1148,314,834,1706,192,0,1056,9086,56.91037144,-2.0,-2.0,1364,28,998,16,6,344,1350,0,0,0,496,34,22,364,0,110,32,0,192,5942,744,22,188,20,16,690,474,784,120,890,98,4,0,16,4468,178,14,vhr,lenve/vhr,27940,Java,2018-01-04T08:57:51Z,2025-09-10T18:29:20Z,213,https://github.com/lenve/vhr
vlayout,0.0,0.0,0.0,845,1120,275,845,3257,295,21,1924,11534,45.50940783,-1.0,-1.0,1144,18,838,114,71,121,1031,43,5,0,470,121,64,306,45,55,126,0,234,14042,692,167,715,34,429,356,1767,3023,1495,1898,158,57,52,0,7678,12681,0,vlayout,alibaba/vlayout,10775,Java,2017-02-27T08:11:47Z,2025-09-09T10:24:43Z,194,https://github.com/alibaba/vlayout
webmagic,0.0,0.0,0.0,1559,2723,1164,1559,1903,407,39,2649,3944,76.04153695,-25.0,-25.0,1209,117,1048,80,59,22,1132,8,0,15,444,77,28,373,34,9,88,0,438,8794,763,146,258,80,44,4604,434,1408,194,1222,249,42,36,3,9004,24037,48,webmagic,code4craft/webmagic,11625,Java,2013-04-23T12:57:36Z,2025-09-10T14:47:41Z,367,https://github.com/code4craft/webmagic
xManager,0.0,0.0,0.0,1057,1136,79,1057,1224,535,0,1938,2480,6.62342378,-13.0,-13.0,696,78,667,27,2,0,669,0,0,1,419,15,9,403,1,6,8,0,139,21822,445,16,160,81,285,1228,2315,1395,158,878,277,509,7,0,5187,-478,0,xManager,Team-xManager/xManager,11832,Java,2021-02-08T11:31:10Z,2025-09-10T18:39:49Z,30,https://github.com/Team-xManager/xManager
xpipe,0.0,0.0,0.0,10303,14599,4296,10303,12377,2332,237,21959,27893,250.74086791,-129.0,-129.0,6142,963,4454,594,293,801,5558,155,12,127,1929,296,114,958,60,797,931,0,4277,61510,6153,307,2584,506,350,6636,2375,7779,1076,10158,1592,192,373,2854,38030,74446,121,xpipe,xpipe-io/xpipe,11575,Java,2023-01-27T02:25:38Z,2025-09-10T18:36:28Z,44,https://github.com/xpipe-io/xpipe
xxl-job,0.0,0.0,0.0,1634,2618,984,1634,4052,386,32,4100,6986,97.819235,-8.0,-8.0,1598,260,1460,94,34,10,1508,4,2,0,830,258,38,734,58,0,120,0,1764,17708,1334,222,1008,280,298,2546,1616,2874,634,2308,450,74,8,8,10898,4372,326,xxl-job,xuxueli/xxl-job,29286,Java,2015-11-28T12:59:34Z,2025-09-10T14:45:22Z,337,https://github.com/xuxueli/xxl-job
yudao-cloud,0.0,0.0,0.0,29756,37513,7757,29756,18017,4597,210,31953,60965,563.499857411,-1660.0,-1660.0,11761,807,6876,1038,170,3677,10729,33,19,2,14247,656,434,12502,110,1201,1268,0,3305,91701,8354,242,2240,345,159,32429,5070,13222,1000,26713,1242,78,234,2554,111916,33019,729,yudao-cloud,YunaiV/yudao-cloud,17834,Java,2019-05-02T16:06:49Z,2025-09-10T19:04:09Z,6,https://github.com/YunaiV/yudao-cloud
zaproxy,0.0,0.0,0.0,11963,18089,6126,11963,37529,4821,416,38712,175732,1034.545735407,-86.0,-86.0,19783,1584,11590,3216,1316,3661,16666,247,56,210,9249,4482,996,7793,322,138,4973,0,8406,183106,12135,2051,6550,1698,1183,20061,15223,32076,3185,25178,2727,588,533,695,129374,136057,1739,zaproxy,zaproxy/zaproxy,14074,Java,2015-06-03T16:55:01Z,2025-09-10T22:07:22Z,854,https://github.com/zaproxy/zaproxy
zfile,0.0,0.0,0.0,2902,4058,1156,2902,2438,623,46,3720,3914,74.88483416,-140.0,-140.0,1129,174,951,85,5,88,1052,16,1,3,1375,188,113,1229,9,24,265,0,1082,12385,1089,112,411,108,86,3502,597,2449,272,3241,285,4,27,56,11874,9806,179,zfile,zfile-dev/zfile,10376,Java,2019-08-19T13:57:56Z,2025-09-10T18:23:25Z,47,https://github.com/zfile-dev/zfile
zheng,0.0,0.0,0.0,2306,3449,1143,2306,6962,717,43,2621,173496,169.70252126,-99.0,-99.0,5625,99,4715,18,412,480,5612,0,1,19,1152,275,33,907,146,66,218,0,335,41742,4409,68,1083,66,743,7781,865,2755,782,2245,283,21,110,0,12081,41392,76,zheng,shuzheng/zheng,16731,Java,2016-10-04T10:07:06Z,2025-09-10T12:18:17Z,78,https://github.com/shuzheng/zheng
zookeeper,0.0,0.0,0.0,9942,14074,4132,9942,20986,3515,624,23978,64619,480.2656296,-55.0,-55.0,10070,890,7385,1165,364,1156,8970,100,16,304,4582,1392,657,2703,410,812,2195,0,6815,122448,4954,1921,3473,1718,1103,20219,13136,21453,4309,17495,2063,239,553,470,92459,47658,2341,zookeeper,apache/zookeeper,12594,Java,2009-03-27T15:41:56Z,2025-09-10T11:37:48Z,221,https://github.com/apache/zookeeper
zuul,0.0,0.0,0.0,3258,4715,1457,3258,4149,808,75,5360,12470,118.482714205,-56.0,-56.0,2593,212,1464,194,239,696,2409,17,38,2,1237,509,268,789,119,61,948,0,1106,21586,1267,121,561,150,139,3676,1473,3885,316,3392,377,45,93,169,20074,28685,216,zuul,Netflix/zuul,13884,Java,2013-03-13T18:53:57Z,2025-09-09T21:27:23Z,8,https://github.com/Netflix/zuul
zxing,0.0,0.0,0.0,5932,9482,3550,5932,19408,1978,304,12672,27332,393.62349436,-70.0,-70.0,6470,1536,3470,1578,236,1186,4950,48,232,52,3172,1582,240,2688,8,236,2742,0,7090,80058,4894,2238,3712,440,2262,10100,57718,20188,8370,15000,1632,62,98,26,70608,72170,86,zxing,zxing/zxing,33581,Java,2011-10-12T14:07:27Z,2025-09-10T21:05:35Z,6,https://github.com/zxing/zxing
